Item Code / SKU,Item Name,Older Avg Monthly Sales Qty,Recent Avg Monthly Sales Qty,Trend Change %,Sales Trend,Monthly Sales Std Dev,Sales CV,Consistency Class
10397 HG(0.5X22 MM),10397 HG(0.5X22 MM),0.0,58.333333333333336,0.0,New Moving Item,42.195363702055204,4.82232728023488,Irregular
10398 HG(0.5X22MM),10398 HG(0.5X22MM),0.0,0.0,0.0,No Sales,0.0,0.0,Irregular
10659 (0.45X40MM),10659 (0.45X40MM),0.0,8.333333333333334,0.0,New Moving Item,7.905694150420948,6.324555320336758,One-time Sale
1126 HG(0.5X40),1126 HG(0.5X40),0.0,66.66666666666667,0.0,New Moving Item,42.66746794119403,4.2667467941194035,Irregular
1126 MT 0.5 X22,1126 MT 0.5 X22,0.0,0.0,0.0,No Sales,0.0,0.0,Irregular
1131 0.5X40MM,1131 0.5X40MM,0.0,125.0,0.0,New Moving Item,118.58541225631421,6.324555320336758,One-time Sale
1135 HG 0.5X40MM,1135 HG 0.5X40MM,0.0,216.66666666666666,0.0,New Moving Item,134.23572836331903,4.130330103486739,Irregular
1135 HG 0.8 X 22 MM,1135 HG 0.8 X 22 MM,0.0,150.0,0.0,New Moving Item,99.96794357987837,4.4430197146612604,Irregular
1140 HG (BAGE),1140 HG (BAGE),0.0,1033.3333333333333,0.0,New Moving Item,574.5455283113464,3.70674534394417,Irregular
11510 (0.45X40MM),11510 (0.45X40MM),0.0,8.333333333333334,0.0,New Moving Item,7.905694150420948,6.324555320336758,One-time Sale
1261 HG (0.5 X 40 MM),1261 HG (0.5 X 40 MM),0.0,50.0,0.0,New Moving Item,34.99084129252931,4.665445505670575,Irregular
1261MT 2MMX22MM,1261MT 2MMX22MM,0.0,0.0,0.0,No Sales,0.0,0.0,Irregular
1264 MT 0.5 X 22,1264 MT 0.5 X 22,0.0,0.0,0.0,No Sales,0.0,0.0,Irregular
1267 HG(0.5X22MM),1267 HG(0.5X22MM),0.0,558.3333333333334,0.0,New Moving Item,327.0668989828478,3.9052764057653473,Irregular
19070 MT(0.8MMX40MM),19070 MT(0.8MMX40MM),4.411764705882353,58.333333333333336,1222.2222222222222,Strong Upward Trend,59.646393920272395,4.771711513621792,Irregular
19991 HG (0.5 X 22 MM),19991 HG (0.5 X 22 MM),0.0,441.6666666666667,0.0,New Moving Item,247.3934632140179,3.7342409541738553,Irregular
19992 HG(0.5X22 MM),19992 HG(0.5X22 MM),0.0,666.6666666666666,0.0,New Moving Item,411.84388379018645,4.118438837901865,Irregular
19992 MT 0.5 X 22,19992 MT 0.5 X 22,0.0,0.0,0.0,No Sales,0.0,0.0,Irregular
19993 HG(0.5X22 MM),19993 HG(0.5X22 MM),0.0,400.0,0.0,New Moving Item,256.2550812504343,4.270918020840571,Irregular
19994 HG(0.5X22MM),19994 HG(0.5X22MM),0.0,558.3333333333334,0.0,New Moving Item,363.1040502143308,4.335570748827831,Irregular
19995 HG(0.5X22MM),19995 HG(0.5X22MM),0.0,341.6666666666667,0.0,New Moving Item,196.27541481688039,3.8297641915488856,Irregular
19996 HG(0.5X22 MM),19996 HG(0.5X22 MM),0.0,591.6666666666666,0.0,New Moving Item,323.1431174556784,3.6410492107682075,Irregular
2891 0.5X40MM,2891 0.5X40MM,0.0,158.33333333333334,0.0,New Moving Item,96.06855191303066,4.044991659496028,Irregular
2892 ( 0.5 X 40 MM ),2892 ( 0.5 X 40 MM ),0.0,350.0,0.0,New Moving Item,230.92622864655948,4.398594831363038,Irregular
5465 (0.5X40MM),5465 (0.5X40MM),0.0,116.66666666666667,0.0,New Moving Item,62.583277851728624,3.576187305813064,Irregular
7611 (0.45 X 22 MM),7611 (0.45 X 22 MM),0.0,500.0,0.0,New Moving Item,303.3995419430986,4.0453272259079815,Irregular
POLYFIX DE-BONDER 100ML,POLYFIX DE-BONDER 100ML,0.058823529411764705,0.0,-100.0,Dormant Item,0.22072142786315224,4.414428557263045,Dormant
POLYFIX WPC GRADE 50GM,POLYFIX WPC GRADE 50GM,7.411764705882353,0.0,-100.0,Dormant Item,18.772866398622053,2.979820063273342,Dormant
POLYFIX-FLX 20GM,POLYFIX-FLX 20GM,25.705882352941178,0.0,-100.0,Dormant Item,58.46741367239072,2.6758541726494607,Dormant
POLYFIX-FLX 50GM,POLYFIX-FLX 50GM,26.235294117647058,0.0,-100.0,Dormant Item,41.83067209841516,1.8758148923056124,Dormant
REALWOOD 1 (0.45X22),REALWOOD 1 (0.45X22),0.0,766.6666666666666,0.0,New Moving Item,484.0004238184201,4.2086993375514785,Irregular
REALWOOD2 (0.5 X 40 MM),REALWOOD2 (0.5 X 40 MM),0.0,91.66666666666667,0.0,New Moving Item,56.59969647467768,4.11634156179474,Irregular
TOTAL,Total,0.0,0.0,0.0,No Sales,0.0,0.0,Moderate
VAY BAND 1003 (0.5 MM),VAY BAND 1003 (0.5 MM),552.9411764705883,0.0,-100.0,Dormant Item,1208.4000865734695,2.5710640139861054,Dormant
VAY BAND 1011HG(P-WHITE),VAY BAND 1011HG(P-WHITE),960.2941176470588,0.0,-100.0,Dormant Item,1714.619921253388,2.100606335379342,Dormant
VAY BAND 1011HG(P-WHITE) 40MMX50MTR,VAY BAND 1011HG(P-WHITE) 40MMX50MTR,41.1764705882353,0.0,-100.0,Dormant Item,111.63126113028761,3.189464603722503,Dormant
VAY BAND 1011MT(P-WHITE),VAY BAND 1011MT(P-WHITE),877.9411764705883,0.0,-100.0,Dormant Item,1461.2686576203535,1.958148954935147,Dormant
VAY BAND 1011MT(P-WHITE) 40MMX50MTR,VAY BAND 1011MT(P-WHITE) 40MMX50MTR,67.6470588235294,0.0,-100.0,Dormant Item,142.57251865953367,2.479522063644064,Dormant
VAY BAND 1013,VAY BAND 1013,763.2352941176471,0.0,-100.0,Dormant Item,1214.7853825433633,1.8725015530533538,Dormant
VAY BAND 1013 0.8MMX22MM,VAY BAND 1013 0.8MMX22MM,51.470588235294116,150.0,191.42857142857144,Strong Upward Trend,126.28188858508325,1.9061417144918227,Irregular
VAY BAND 1013 40 MM,VAY BAND 1013 40 MM,54.411764705882355,0.0,-100.0,Dormant Item,86.51922863200367,1.870686024475755,Dormant
VAY BAND 1014 SPECIAL WHITE,VAY BAND 1014 SPECIAL WHITE,216.1764705882353,0.0,-100.0,Dormant Item,324.9038319256946,1.768184119323508,Dormant
VAY BAND 1033MT 0.5X22MM,VAY BAND 1033MT 0.5X22MM,0.0,0.0,0.0,No Sales,0.0,0.0,Irregular
VAY BAND 1043 (0.5 MM),VAY BAND 1043 (0.5 MM),1260.2941176470588,0.0,-100.0,Dormant Item,3129.489339435593,2.9213436074077883,Dormant
VAY BAND 10450,VAY BAND 10450,917.6470588235294,0.0,-100.0,Dormant Item,1086.7382389517727,1.3932541525022728,Dormant
VAY BAND 10485,VAY BAND 10485,1333.8235294117646,0.0,-100.0,Dormant Item,1592.5059875908855,1.404635931722942,Dormant
VAY BAND 10485 40MM,VAY BAND 10485 40MM,110.29411764705883,50.0,-54.666666666666664,Strong Downward Trend,152.53730102872612,1.5065412447281592,Irregular
VAY BAND 10659,VAY BAND 10659,2563.235294117647,0.0,-100.0,Dormant Item,3823.3407244021287,1.7548322315098697,Dormant
VAY BAND 10659 0.5X22MM,VAY BAND 10659 0.5X22MM,552.9411764705883,0.0,-100.0,Dormant Item,1446.0733747387114,3.0767518611461946,Dormant
VAY BAND 10659 0.8MMX22MM,VAY BAND 10659 0.8MMX22MM,361.7647058823529,941.6666666666666,160.29810298102979,Strong Upward Trend,696.8323474931545,1.552829743717336,Irregular
VAY BAND 10659 2MMX22MM,VAY BAND 10659 2MMX22MM,88.23529411764706,150.0,70.0,Strong Upward Trend,251.13843357899802,2.575778805938441,Irregular
VAY BAND 10659 2MMX40MM,VAY BAND 10659 2MMX40MM,25.0,66.66666666666667,166.66666666666669,Strong Upward Trend,75.6912588524373,2.4221202832779936,Irregular
VAY BAND 10659 40MM,VAY BAND 10659 40MM,445.5882352941176,558.3333333333334,25.302530253025317,Upward Trend,568.257570707744,1.2286650177464735,Moderate
VAY BAND 10944,VAY BAND 10944,417.6470588235294,0.0,-100.0,Dormant Item,557.9035850901214,1.5715593946200603,Dormant
VAY BAND 1101HG LIGHT GREY,VAY BAND 1101HG LIGHT GREY,357.3529411764706,0.0,-100.0,Dormant Item,420.07134619899495,1.3829509339884607,Dormant
VAY BAND 1113HG (0.8MM),VAY BAND 1113HG (0.8MM),138.23529411764707,191.66666666666666,38.65248226950352,Upward Trend,268.27738706468796,1.8343752961688065,Irregular
VAY BAND 1113HG(OFF-WHITE),VAY BAND 1113HG(OFF-WHITE),2847.0588235294117,2766.6666666666665,-2.8236914600551,Stable Trend,2790.7631526804594,0.9843961737849944,Moderate
VAY BAND 1113HG(OFF-WHITE)40MMX50MTR,VAY BAND 1113HG(OFF-WHITE)40MMX50MTR,198.52941176470588,250.0,25.925925925925924,Upward Trend,294.6504883016661,1.4286084281292901,Irregular
VAY BAND 1113MT (0.8MM),VAY BAND 1113MT (0.8MM),200.0,91.66666666666667,-54.166666666666664,Strong Downward Trend,279.96966410758296,1.5236444305174583,Irregular
VAY BAND 1113MT (0.8MMX40MM),VAY BAND 1113MT (0.8MMX40MM),5.882352941176471,8.333333333333334,41.66666666666667,Upward Trend,32.39875749437757,5.183801199100412,Irregular
VAY BAND 1113MT(OFF-WHITE),VAY BAND 1113MT(OFF-WHITE),1547.0588235294117,0.0,-100.0,Dormant Item,2584.8721636793,1.965682253748517,Dormant
VAY BAND 1113MT(OFF-WHITE) 40MMX50MTR,VAY BAND 1113MT(OFF-WHITE) 40MMX50MTR,82.3529411764706,0.0,-100.0,Dormant Item,174.97252531578957,2.4996075045112796,Dormant
VAY BAND 1113MT(OFF-WHITE)-0.5X40MM,VAY BAND 1113MT(OFF-WHITE)-0.5X40MM,155.88235294117646,358.3333333333333,129.874213836478,Strong Upward Trend,348.98892422363383,1.8737660361000474,Irregular
VAY BAND 1113MT(OFF-WHITE)-200 MTR,VAY BAND 1113MT(OFF-WHITE)-200 MTR,535.2941176470588,0.0,-100.0,Dormant Item,1015.7604199658651,2.232440483441462,Dormant
VAY BAND 1114 HG2MMX22MM,VAY BAND 1114 HG2MMX22MM,22.058823529411764,33.333333333333336,51.11111111111112,Strong Upward Trend,69.78676312662961,2.9383900263844045,Irregular
VAY BAND 1114GL 0.5MMX40MM,VAY BAND 1114GL 0.5MMX40MM,201.47058823529412,416.6666666666667,106.81265206812654,Strong Upward Trend,380.8538820691992,1.6293214206168949,Irregular
VAY BAND 1114GL 0.8MMX22MM,VAY BAND 1114GL 0.8MMX22MM,154.41176470588235,500.0,223.80952380952385,Strong Upward Trend,361.1213838118062,1.750891557875424,Irregular
VAY BAND 1114MT,VAY BAND 1114MT,188.23529411764707,0.0,-100.0,Dormant Item,880.5738222376683,5.503586388985427,Dormant
VAY BAND 1114MT 0.5MMX40MM,VAY BAND 1114MT 0.5MMX40MM,179.41176470588235,466.6666666666667,160.10928961748633,Strong Upward Trend,400.7924841917764,1.801314535693377,Irregular
VAY BAND 1114MT 0.8MMX22MM,VAY BAND 1114MT 0.8MMX22MM,135.2941176470588,191.66666666666666,41.66666666666667,Upward Trend,257.99709300687863,1.7947623861348079,Irregular
VAY BAND 1114MT 2MMX22MM,VAY BAND 1114MT 2MMX22MM,19.11764705882353,8.333333333333334,-56.41025641025641,Strong Downward Trend,48.76684455862536,2.786676831921449,Irregular
VAY BAND 1126 HG (.5),VAY BAND 1126 HG (.5),892.6470588235294,1758.3333333333333,96.9796814936848,Strong Upward Trend,1705.6072683493564,1.6680755680678303,Irregular
VAY BAND 1126 MT .45X22MM,VAY BAND 1126 MT .45X22MM,2.9411764705882355,1466.6666666666667,49766.666666666664,Strong Upward Trend,810.6621225412453,3.643425269848293,Irregular
VAY BAND 1127 HG (.5),VAY BAND 1127 HG (.5),511.7647058823529,383.3333333333333,-25.095785440613028,Downward Trend,811.3418767853914,1.6473946736759215,Irregular
VAY BAND 1128 HG(.5),VAY BAND 1128 HG(.5),205.88235294117646,125.0,-39.285714285714285,Downward Trend,388.48613148859556,2.00508971090888,Irregular
VAY BAND 1132 0.5X22MM,VAY BAND 1132 0.5X22MM,297.05882352941177,0.0,-100.0,Dormant Item,655.3478230915009,2.595436923134657,Dormant
VAY BAND 1133MT0.5X22MM,VAY BAND 1133MT0.5X22MM,98.52941176470588,41.666666666666664,-57.711442786069654,Strong Downward Trend,258.74450322416106,2.8749389247129007,Irregular
VAY BAND 1140 HG DARK GREY 3,VAY BAND 1140 HG DARK GREY 3,183.8235294117647,0.0,-100.0,Dormant Item,427.60326388142937,2.736660888841148,Dormant
VAY BAND 11510,VAY BAND 11510,1176.4705882352941,0.0,-100.0,Dormant Item,1366.0724161455887,1.3660724161455886,Dormant
VAY BAND 11510 2MMX22MM,VAY BAND 11510 2MMX22MM,75.0,228.33333333333334,204.44444444444449,Strong Upward Trend,224.6501553698379,2.2923485241820196,Irregular
VAY BAND 11510 40MM,VAY BAND 11510 40MM,204.41176470588235,291.6666666666667,42.685851318944856,Upward Trend,274.45750686932047,1.2618735948014734,Irregular
VAY BAND 11510(0.5X22),VAY BAND 11510(0.5X22),0.0,375.0,0.0,New Moving Item,317.6814038608089,5.647669401969936,Irregular
VAY BAND 11510MT 0.8MMX22MM,VAY BAND 11510MT 0.8MMX22MM,266.1764705882353,650.0,144.1988950276243,Strong Upward Trend,523.4240693837611,1.6167538822664436,Irregular
VAY BAND 1261 HG 1.3MMX22MM,VAY BAND 1261 HG 1.3MMX22MM,4.411764705882353,0.0,-100.0,Dormant Item,17.495420646264655,4.665445505670575,Dormant
VAY BAND 1261 HG(0.8MM),VAY BAND 1261 HG(0.8MM),30.88235294117647,50.0,61.904761904761905,Strong Upward Trend,84.26720321964851,2.496806021322919,Irregular
VAY BAND 1261 MAT (0.8MM),VAY BAND 1261 MAT (0.8MM),22.058823529411764,50.0,126.66666666666666,Strong Upward Trend,66.9744497780827,2.5514076105936265,Irregular
VAY BAND 1261 MAT 1.3MMX22MM,VAY BAND 1261 MAT 1.3MMX22MM,1.4705882352941178,0.0,-100.0,Dormant Item,7.9056941504209455,6.324555320336756,Dormant
VAY BAND 1261HG (DARK GREY),VAY BAND 1261HG (DARK GREY),2197.0588235294117,1000.0,-54.48460508701473,Strong Downward Trend,1618.1878912172253,0.8020757825116358,Moderate
VAY BAND 1261MATT (DARK GREY),VAY BAND 1261MATT (DARK GREY),376.47058823529414,0.0,-100.0,Dormant Item,647.8564260065256,2.024551331270392,Dormant
VAY BAND 1262 HG,VAY BAND 1262 HG,170.61764705882354,0.0,-100.0,Dormant Item,290.63198047861675,2.0040129665824287,Dormant
VAY BAND 1262 HG(0.5X22),VAY BAND 1262 HG(0.5X22),0.0,0.0,0.0,No Sales,0.0,0.0,Irregular
VAY BAND 1264 HG (0.5X22MM) DARK GREY,VAY BAND 1264 HG (0.5X22MM) DARK GREY,33.8235294117647,558.3333333333334,1550.7246376811595,Strong Upward Trend,392.51816877759023,3.4890503891341353,Irregular
VAY BAND 1267 LITE GREY,VAY BAND 1267 LITE GREY,386.7647058823529,450.0,16.349809885931563,Stable Trend,535.6983819373141,1.3519202067818654,Irregular
VAY BAND 1313 HG CLUD GREY,VAY BAND 1313 HG CLUD GREY,1460.2941176470588,600.0,-58.91238670694864,Strong Downward Trend,1430.1554290642857,1.0742951579825621,Moderate
VAY BAND 1313 MT CLUD GREY,VAY BAND 1313 MT CLUD GREY,338.2352941176471,0.0,-100.0,Dormant Item,571.0707441918163,1.9863330232758827,Dormant
VAY BAND 1401 BLACK MATT,VAY BAND 1401 BLACK MATT,255.88235294117646,0.0,-100.0,Dormant Item,393.9526849111679,1.8112767122352549,Dormant
VAY BAND 1401GL BLACK GLOSSY,VAY BAND 1401GL BLACK GLOSSY,551.4705882352941,283.3333333333333,-48.62222222222223,Downward Trend,540.238254657028,1.0567007426054338,Moderate
VAY BAND 1401HG 40MMX50MTR,VAY BAND 1401HG 40MMX50MTR,33.8235294117647,0.0,-100.0,Dormant Item,107.94555845306279,3.7546281201065317,Dormant
VAY BAND 1515 VENGA MT,VAY BAND 1515 VENGA MT,200.0,0.0,-100.0,Dormant Item,237.45444907311253,1.3967908769006618,Dormant
VAY BAND 1515 VENGA MT (0.45MMX22MM),VAY BAND 1515 VENGA MT (0.45MMX22MM),4.411764705882353,33.333333333333336,655.5555555555555,Strong Upward Trend,27.473763708449052,3.1398587095370347,Irregular
VAY BAND 1735,VAY BAND 1735,122.05882352941177,0.0,-100.0,Dormant Item,321.73159302237934,3.101027402625343,Dormant
VAY BAND 1735 (.45X22MM),VAY BAND 1735 (.45X22MM),60.294117647058826,41.666666666666664,-30.894308943089438,Downward Trend,191.33471812238977,3.327560315171996,Irregular
VAY BAND 1735 40MM,VAY BAND 1735 40MM,55.88235294117647,0.0,-100.0,Dormant Item,98.67714774546073,2.0774136367465417,Dormant
VAY BAND 1873,VAY BAND 1873,1519.1176470588234,75.0,-95.06292352371733,Strong Downward Trend,1820.8532094203558,1.3979679151020006,Irregular
VAY BAND 1873 0.5MMX40MM,VAY BAND 1873 0.5MMX40MM,101.47058823529412,166.66666666666666,64.25120772946859,Strong Upward Trend,190.6424697753659,1.713640177756098,Irregular
VAY BAND 1873 0.8MMX22MM,VAY BAND 1873 0.8MMX22MM,282.3529411764706,316.6666666666667,12.152777777777777,Stable Trend,449.1801648702005,1.5623657908528712,Irregular
VAY BAND 1873 0.8MMX40MM,VAY BAND 1873 0.8MMX40MM,0.0,16.666666666666668,0.0,New Moving Item,15.811388300841895,6.324555320336758,One-time Sale
VAY BAND 1873 2MMX22MM,VAY BAND 1873 2MMX22MM,52.94117647058823,16.666666666666668,-68.5185185185185,Strong Downward Trend,195.11666464070362,4.107719255593761,Irregular
VAY BAND 1873 2MMX40MM,VAY BAND 1873 2MMX40MM,8.823529411764707,0.0,-100.0,Dormant Item,33.10821417947284,4.4144285572630455,Dormant
VAY BAND 19070,VAY BAND 19070,816.1764705882352,0.0,-100.0,Dormant Item,1100.360517844388,1.5861052509468654,Dormant
VAY BAND 19070 0.5MMX40MM,VAY BAND 19070 0.5MMX40MM,0.0,0.0,0.0,No Sales,0.0,0.0,Irregular
VAY BAND 19071,VAY BAND 19071,619.1176470588235,0.0,-100.0,Dormant Item,753.282347378322,1.4314153869421795,Dormant
VAY BAND 19074,VAY BAND 19074,398.52941176470586,0.0,-100.0,Dormant Item,505.9248322601253,1.4935050398822887,Dormant
VAY BAND 19079,VAY BAND 19079,429.4117647058824,0.0,-100.0,Dormant Item,491.88282949165654,1.3476241903881,Dormant
VAY BAND 2010 IVORY MAT,VAY BAND 2010 IVORY MAT,35.294117647058826,0.0,-100.0,Dormant Item,71.43223433831608,2.3810744779438693,Dormant
VAY BAND 2011 RED MAT,VAY BAND 2011 RED MAT,38.23529411764706,0.0,-100.0,Dormant Item,90.9705503206451,2.7990938560198493,Dormant
VAY BAND 2012 PINK MAT,VAY BAND 2012 PINK MAT,27.941176470588236,0.0,-100.0,Dormant Item,65.03204338375556,2.7381913003686553,Dormant
VAY BAND 30007MT,VAY BAND 30007MT,214.7058823529412,0.0,-100.0,Dormant Item,267.3588772245448,1.464980149175588,Dormant
VAY BAND 30007MT(0.5X22),VAY BAND 30007MT(0.5X22),0.0,0.0,0.0,No Sales,0.0,0.0,Irregular
VAY BAND 30029MT,VAY BAND 30029MT,401.47058823529414,0.0,-100.0,Dormant Item,480.6362636638209,1.4084579154983763,Dormant
VAY BAND 30034MT,VAY BAND 30034MT,167.64705882352942,0.0,-100.0,Dormant Item,239.53748167709603,1.6809647836989194,Dormant
VAY BAND 30054MT,VAY BAND 30054MT,226.47058823529412,0.0,-100.0,Dormant Item,279.54862885987455,1.4522006694019458,Dormant
VAY BAND 30072MT,VAY BAND 30072MT,176.47058823529412,41.666666666666664,-76.3888888888889,Strong Downward Trend,254.7466061272129,1.6303782792141626,Irregular
VAY BAND 30086MT,VAY BAND 30086MT,367.6470588235294,0.0,-100.0,Dormant Item,439.5145923892368,1.4064466956455577,Dormant
VAY BAND 30167MT,VAY BAND 30167MT,252.94117647058823,0.0,-100.0,Dormant Item,318.49002721576295,1.4813489637942463,Dormant
VAY BAND 30181MT,VAY BAND 30181MT,110.29411764705883,41.666666666666664,-62.22222222222222,Strong Downward Trend,231.49458652362392,2.3149458652362394,Irregular
VAY BAND 30216MT,VAY BAND 30216MT,197.05882352941177,0.0,-100.0,Dormant Item,282.7407075260081,1.6880042240358695,Dormant
VAY BAND 4013MT,VAY BAND 4013MT,152.94117647058823,0.0,-100.0,Dormant Item,264.04156626930677,2.03108897130236,Dormant
VAY BAND 5063MT,VAY BAND 5063MT,322.05882352941177,0.0,-100.0,Dormant Item,397.102889851239,1.4506041638401426,Dormant
VAY BAND 5095MT,VAY BAND 5095MT,385.29411764705884,0.0,-100.0,Dormant Item,435.44112616859513,1.3295912249422752,Dormant
VAY BAND 5170MT,VAY BAND 5170MT,198.52941176470588,0.0,-100.0,Dormant Item,272.14426321346554,1.6127067449686847,Dormant
VAY BAND 5171(.5X22),VAY BAND 5171(.5X22),0.0,0.0,0.0,No Sales,0.0,0.0,Irregular
VAY BAND 5171MT,VAY BAND 5171MT,458.8235294117647,0.0,-100.0,Dormant Item,621.8458874128762,1.5944766343919903,Dormant
VAY BAND 5373MT,VAY BAND 5373MT,441.1764705882353,0.0,-100.0,Dormant Item,546.5509571100838,1.4574692189602234,Dormant
VAY BAND 5375MT 0.5MMX22,VAY BAND 5375MT 0.5MMX22,55.88235294117647,41.666666666666664,-25.438596491228076,Downward Trend,136.5262724786811,2.540023674021974,Irregular
VAY BAND 5465MT,VAY BAND 5465MT,489.70588235294116,0.0,-100.0,Dormant Item,692.3934241788795,1.6634076256549657,Dormant
VAY BAND 5550MT,VAY BAND 5550MT,327.94117647058823,0.0,-100.0,Dormant Item,411.8263730487177,1.4774040288743235,Dormant
VAY BAND 5771,VAY BAND 5771,408.8235294117647,0.0,-100.0,Dormant Item,477.0300748461174,1.3727484168233592,Dormant
VAY BAND 5771(0.5X22),VAY BAND 5771(0.5X22),0.0,0.0,0.0,No Sales,0.0,0.0,Irregular
VAY BAND 5772,VAY BAND 5772,433.8235294117647,0.0,-100.0,Dormant Item,539.0741707209329,1.4618960561923604,Dormant
VAY BAND 5772(0.5X22),VAY BAND 5772(0.5X22),0.0,0.0,0.0,No Sales,0.0,0.0,Irregular
VAY BAND 5773,VAY BAND 5773,192.64705882352942,0.0,-100.0,Dormant Item,225.88501159115987,1.3794504524650983,Dormant
VAY BAND 5773(0.5X22),VAY BAND 5773(0.5X22),0.0,41.666666666666664,0.0,New Moving Item,39.528470752104745,6.324555320336759,One-time Sale
VAY BAND 5774,VAY BAND 5774,142.64705882352942,0.0,-100.0,Dormant Item,195.7521653939242,1.6144508486096842,Dormant
VAY BAND 5774 (0.5X22),VAY BAND 5774 (0.5X22),0.0,8.333333333333334,0.0,New Moving Item,7.905694150420948,6.324555320336758,One-time Sale
VAY BAND 6987,VAY BAND 6987,189.7058823529412,0.0,-100.0,Dormant Item,313.6811013327601,1.9453091555520006,Dormant
VAY BAND 6987 (0.45X22),VAY BAND 6987 (0.45X22),0.0,25.0,0.0,New Moving Item,23.717082451262847,6.324555320336759,One-time Sale
VAY BAND REALWOOD 2MMX22MM,VAY BAND REALWOOD 2MMX22MM,10.294117647058824,8.333333333333334,-19.047619047619047,Stable Trend,32.42347993787914,3.242347993787914,Irregular
VAY BAND REALWOOD LIGHT MAT,VAY BAND REALWOOD LIGHT MAT,1664.7058823529412,0.0,-100.0,Dormant Item,2089.1109629181055,1.4764035073626187,Dormant
VAY BAND REALWOOD LIGHT MAT 0.5X40MM,VAY BAND REALWOOD LIGHT MAT 0.5X40MM,0.0,75.0,0.0,New Moving Item,49.983971789939176,4.4430197146612604,Irregular
VAY BAND REALWOOD LIGHT MAT 0.8MMX22MM,VAY BAND REALWOOD LIGHT MAT 0.8MMX22MM,63.23529411764706,0.0,-100.0,Dormant Item,157.05115122966816,2.9218818833426634,Dormant
VAY BAND REALWOOD LIGHT MAT 40MMX50MTR,VAY BAND REALWOOD LIGHT MAT 40MMX50MTR,94.11764705882354,0.0,-100.0,Dormant Item,136.25014702415027,1.7031268378018782,Dormant
VAY BAND REALWOOD-2 DARK MAT,VAY BAND REALWOOD-2 DARK MAT,1175.0,0.0,-100.0,Dormant Item,1426.91560403047,1.428701480881572,Dormant
VAY BAND REALWOOD3 0.5X22MM,VAY BAND REALWOOD3 0.5X22MM,105.88235294117646,0.0,-100.0,Dormant Item,391.9379856755206,4.354866507505784,Dormant
VAY BAND REALWOOD3 2MMX40MM,VAY BAND REALWOOD3 2MMX40MM,4.411764705882353,16.666666666666668,277.77777777777777,Strong Upward Trend,28.165035607455405,4.506405697192864,Irregular
VAY BAND REALWUD3 (0.8MMX22MM),VAY BAND REALWUD3 (0.8MMX22MM),67.6470588235294,208.33333333333334,207.97101449275365,Strong Upward Trend,200.7956928233528,2.26248667969975,Irregular
VAY BAND REALWUD3 (40MM),VAY BAND REALWUD3 (40MM),194.11764705882354,0.0,-100.0,Dormant Item,385.5066596252063,2.336403997728523,Dormant
VAY BAND REALWUD3 - 0.5X40MM,VAY BAND REALWUD3 - 0.5X40MM,0.0,408.3333333333333,0.0,New Moving Item,226.5933610723211,3.699483446078712,Irregular
VAY BAND1044MT 0.5MMX22,VAY BAND1044MT 0.5MMX22,147.05882352941177,0.0,-100.0,Dormant Item,385.63966175427123,3.08511729403417,Dormant
VAY BAND10485 (0.8MMX22MM),VAY BAND10485 (0.8MMX22MM),30.88235294117647,150.0,385.7142857142857,Strong Upward Trend,129.83594184536034,2.6633013711868787,Irregular
VAY BAND1113HG 2MMX22MM,VAY BAND1113HG 2MMX22MM,16.176470588235293,8.333333333333334,-48.48484848484848,Downward Trend,52.13394976355348,3.4755966509035656,Irregular
VAY BAND1113MT 2MMX22MM,VAY BAND1113MT 2MMX22MM,16.176470588235293,41.666666666666664,157.57575757575756,Strong Upward Trend,63.85078759829887,3.1925393799149435,Irregular
VAY BAND1114HG,VAY BAND1114HG,3116.176470588235,5291.666666666667,69.81280478212996,Strong Upward Trend,4706.467862802183,1.3671656827312078,Irregular
VAY BAND1126 (0.8MMX22MM),VAY BAND1126 (0.8MMX22MM),45.588235294117645,208.33333333333334,356.98924731182797,Strong Upward Trend,176.79482531004763,2.525640361572109,Irregular
VAY BAND1131 0.5X22MM,VAY BAND1131 0.5X22MM,238.23529411764707,0.0,-100.0,Dormant Item,564.0910546611407,2.7856348378327933,Dormant
VAY BAND1135 HG{.5},VAY BAND1135 HG{.5},648.5294117647059,1966.6666666666667,203.25018896447472,Strong Upward Trend,1822.9444869671986,2.154144150035094,Irregular
VAY BAND1135MT 0.5X22MM,VAY BAND1135MT 0.5X22MM,317.6470588235294,0.0,-100.0,Dormant Item,656.4082532020716,2.431141678526191,Dormant
VAY BAND1136MT0.5X22MM,VAY BAND1136MT0.5X22MM,130.88235294117646,25.0,-80.89887640449437,Strong Downward Trend,309.7145087384137,2.6931696412035975,Irregular
VAY BAND11510 2MMMX40MM,VAY BAND11510 2MMMX40MM,19.11764705882353,0.0,-100.0,Dormant Item,61.38100850530403,3.777292831095633,Dormant
VAY BAND1261HG 2MMX22MM,VAY BAND1261HG 2MMX22MM,5.882352941176471,0.0,-100.0,Dormant Item,31.622776601683782,6.324555320336756,Dormant
VAY BAND1261MT 0.5MMX40MM,VAY BAND1261MT 0.5MMX40MM,38.23529411764706,8.333333333333334,-78.20512820512819,Strong Downward Trend,92.94849690513063,2.7540295379297963,Irregular
VAY BANDREALWOOD3 2MMX22MM,VAY BANDREALWOOD3 2MMX22MM,30.88235294117647,116.66666666666667,277.77777777777777,Strong Upward Trend,173.64401397613335,3.969006033740191,Irregular
VAY G-PROFILE BLACK 10 FT-1050 GRM,VAY G-PROFILE BLACK 10 FT-1050 GRM,0.0,30.0,0.0,New Moving Item,17.823925148302987,3.9608722551784417,Irregular
VAY G-PROFILE BLACK 10 FT-1250 GRM,VAY G-PROFILE BLACK 10 FT-1250 GRM,0.0,26.666666666666668,0.0,New Moving Item,14.46481141359158,3.616202853397895,Irregular
VAY G-PROFILE CP BRUSH 10 FT-1250 GRM,VAY G-PROFILE CP BRUSH 10 FT-1250 GRM,0.0,0.0,0.0,No Sales,0.0,0.0,Irregular
VAY G-PROFILE CP BRUSH 10FT-1050GRM,VAY G-PROFILE CP BRUSH 10FT-1050GRM,0.0,0.0,0.0,No Sales,0.0,0.0,Irregular
VAY G-PROFILE GREY 10 FT-1050 GRM,VAY G-PROFILE GREY 10 FT-1050 GRM,0.0,3.3333333333333335,0.0,New Moving Item,2.2072142786315223,4.414428557263045,Irregular
VAY G-PROFILE GREY 10 FT-1250 GRM,VAY G-PROFILE GREY 10 FT-1250 GRM,0.0,1.6666666666666667,0.0,New Moving Item,1.5811388300841898,6.324555320336759,One-time Sale
VAY G-PROFILE ROSE GOLD 10 FT-1050 GRM,VAY G-PROFILE ROSE GOLD 10 FT-1050 GRM,0.0,3.3333333333333335,0.0,New Moving Item,2.2072142786315223,4.414428557263045,Irregular
VAY G-PROFILE ROSE GOLD 10 FT-1250 GRM,VAY G-PROFILE ROSE GOLD 10 FT-1250 GRM,0.0,3.3333333333333335,0.0,New Moving Item,2.2072142786315223,4.414428557263045,Irregular
VB-1002 MT(0.45X22MM,VB-1002 MT(0.45X22MM,33.8235294117647,0.0,-100.0,Dormant Item,127.04102910840685,4.418818403770673,Dormant
VB-1003 MT(0.45X22MM),VB-1003 MT(0.45X22MM),17.647058823529413,41.666666666666664,136.1111111111111,Strong Upward Trend,71.51071284277658,3.365210016130663,Irregular
VB-1011 MT(0.45MMX22MM),VB-1011 MT(0.45MMX22MM),392.6470588235294,0.0,-100.0,Dormant Item,1022.9035784321175,3.064879635751663,Dormant
VB-1013 (0.45X22MM),VB-1013 (0.45X22MM),547.0588235294117,741.6666666666666,35.57347670250897,Upward Trend,1037.562942174767,1.8005430666807236,Irregular
VB-1033 WHITE WOOD (0.45MMX22MM),VB-1033 WHITE WOOD  (0.45MMX22MM),183.8235294117647,25.0,-86.4,Strong Downward Trend,251.7120862393667,1.573200538996042,Irregular
VB-1037( 0.45X22MM),VB-1037( 0.45X22MM),19.11764705882353,0.0,-100.0,Dormant Item,59.25553095465393,3.646494212594088,Dormant
VB-1044 (0.45MMX22MM),VB-1044 (0.45MMX22MM),548.5294117647059,316.6666666666667,-42.2698838248436,Downward Trend,799.9989983968088,1.55717566597919,Irregular
VB-10450 (0.45X22MM),VB-10450 (0.45X22MM),238.23529411764707,191.66666666666666,-19.547325102880666,Stable Trend,544.9873557695794,2.3567020790035866,Irregular
VB-1048 (0.45X22MM),VB-1048 (0.45X22MM),294.11764705882354,0.0,-100.0,Dormant Item,865.358973979096,3.461435895916384,Dormant
VB-10485(0.45X22MM),VB-10485(0.45X22MM),839.7058823529412,1150.0,36.95271453590192,Upward Trend,1607.1150893002064,1.8133879710016434,Irregular
VB-10659 (0.45X22MM),VB-10659 (0.45X22MM),2961.764705882353,5633.333333333333,90.20191989407479,Strong Upward Trend,5988.008851028863,1.780820476142413,Irregular
VB-10659 MT(0.8MMX40MM),VB-10659 MT(0.8MMX40MM),7.352941176470588,33.333333333333336,353.3333333333334,Strong Upward Trend,34.87615451631894,3.100102623672795,Irregular
VB-1071 (0.45X22MM),VB-1071  (0.45X22MM),247.05882352941177,0.0,-100.0,Dormant Item,540.085463322526,2.5718355396310764,Dormant
VB-1090 (0.45X22MM),VB-1090 (0.45X22MM),377.94117647058823,0.0,-100.0,Dormant Item,660.3114552608624,2.0554442187108557,Dormant
VB-10944(0.45X22MM),VB-10944(0.45X22MM),144.11764705882354,358.3333333333333,148.6394557823129,Strong Upward Trend,360.55290518299444,2.045690242173018,Irregular
VB-1113 MAT OFF-WHITE (0.45MMX22MM),VB-1113 MAT OFF-WHITE (0.45MMX22MM),4273.529411764706,3850.0,-9.910529938059197,Stable Trend,5320.656408318865,1.2638138737099442,Irregular
VB-1113MAT(0.8MMX40MM),VB-1113MAT(0.8MMX40MM),1.4705882352941178,0.0,-100.0,Dormant Item,7.905694150420946,6.324555320336757,Dormant
VB-1114 MAT (0.45MMX22MM),VB-1114 MAT (0.45MMX22MM),3263.235294117647,4658.333333333333,42.75199038605979,Upward Trend,4973.995839904232,1.4323962101956031,Irregular
VB-1114 MT (0.8MMX40MM),VB-1114 MT (0.8MMX40MM),2.9411764705882355,0.0,-100.0,Dormant Item,11.036071393157613,4.4144285572630455,Dormant
VB-1115 (0.45X22MM),VB-1115 (0.45X22MM),308.8235294117647,416.6666666666667,34.92063492063493,Upward Trend,561.4769899616637,1.7276215075743497,Irregular
VB-1117 (0.45X22MM),VB-1117 (0.45X22MM),225.0,83.33333333333333,-62.962962962962976,Strong Downward Trend,355.79227229612644,1.746219741330682,Irregular
VB-1118 (0.45X22MM),VB-1118 (0.45X22MM),477.94117647058823,458.3333333333333,-4.102564102564106,Stable Trend,802.7197358723494,1.6899362860470513,Irregular
VB-1119 (0.45X22MM),VB-1119 (0.45X22MM),698.5294117647059,725.0,3.78947368421053,Stable Trend,1166.901990918799,1.6610704497064752,Irregular
VB-1119(0.5X40MM),VB-1119(0.5X40MM),7.352941176470588,100.0,1260.0,Strong Upward Trend,76.70080065105462,3.6094494424025703,Irregular
VB-1119(0.8MMX22MM),VB-1119(0.8MMX22MM),30.88235294117647,41.666666666666664,34.92063492063491,Upward Trend,131.339255365637,4.041207857404215,Irregular
VB-1119(0.8MMX40MM),VB-1119(0.8MMX40MM),2.9411764705882355,16.666666666666668,466.6666666666667,Strong Upward Trend,18.946618668626833,3.7893237337253667,Irregular
VB-1120 (0.45X22MM),VB-1120 (0.45X22MM),432.3529411764706,216.66666666666666,-49.88662131519275,Downward Trend,721.3768885850277,1.8034422214625692,Irregular
VB-1121 IVORY (0.45MMX22MM),VB-1121 IVORY (0.45MMX22MM),232.35294117647058,66.66666666666667,-71.30801687763714,Strong Downward Trend,323.35381907083195,1.558331658172684,Irregular
VB-1121 OAK(0.45X22MM),VB-1121 OAK(0.45X22MM),229.41176470588235,483.3333333333333,110.6837606837607,Strong Upward Trend,488.9221531029984,1.8277463667401808,Irregular
VB-1122 (0.45X22MM),VB-1122 (0.45X22MM),205.88235294117646,116.66666666666667,-43.33333333333333,Downward Trend,341.6682301402626,1.7748998968325331,Irregular
VB-1122 VENGA( 0.45X22MM),VB-1122 VENGA( 0.45X22MM),167.64705882352942,66.66666666666667,-60.23391812865497,Strong Downward Trend,340.0509011671861,2.2298419748667944,Irregular
VB-1123 (0.45X22MM),VB-1123 (0.45X22MM),192.64705882352942,50.0,-74.04580152671755,Strong Downward Trend,398.21516861217196,2.325344050290055,Irregular
VB-1127 MT(0.45X22MM),VB-1127 MT(0.45X22MM),55.88235294117647,458.3333333333333,720.1754385964912,Strong Upward Trend,300.50971655437326,2.585029819822566,Irregular
VB-1129 MAT(0.45MMX22MM),VB-1129 MAT(0.45MMX22MM),182.35294117647058,91.66666666666667,-49.73118279569892,Downward Trend,326.92967564984497,1.9373610408879702,Irregular
VB-1131(O.45X22MM),VB-1131(O.45X22MM),107.3529411764706,1566.6666666666667,1359.3607305936073,Strong Upward Trend,970.0639352442387,2.973376046725636,Irregular
VB-1132(0.45X22MM),VB-1132(0.45X22MM),45.588235294117645,400.0,777.4193548387098,Strong Upward Trend,321.35280954914367,3.254205666320442,Irregular
VB-1135 SAGE GREEN (0.45X22),VB-1135 SAGE GREEN (0.45X22),0.0,900.0,0.0,New Moving Item,521.609933836505,3.8637772876778147,Irregular
VB-1140 BAGE (0.45MMX22MM),VB-1140 BAGE (0.45MMX22MM),463.2352941176471,766.6666666666666,65.50264550264548,Strong Upward Trend,665.2440751236943,1.3076050616681951,Irregular
VB-1141 {0.45X22MM},VB-1141 {0.45X22MM},255.88235294117646,641.6666666666666,150.7662835249042,Strong Upward Trend,730.120072668065,2.327075928822518,Irregular
VB-1143{0.45X2MM},VB-1143{0.45X2MM},41.1764705882353,225.0,446.42857142857133,Strong Upward Trend,195.3588086126758,2.8415826707298297,Irregular
VB-1144 MT(0.45X22MM),VB-1144 MT(0.45X22MM),48.529411764705884,200.0,312.1212121212121,Strong Upward Trend,198.3546099339546,2.78392434995024,Irregular
VB-11510(0.45X22MM),VB-11510(0.45X22MM),767.6470588235294,1900.0,147.50957854406133,Strong Upward Trend,1772.2848500575722,1.8904371733947436,Irregular
VB-1261 MAT(0.45MMX22MM),VB-1261 MAT(0.45MMX22MM),1088.235294117647,1041.6666666666667,-4.279279279279273,Stable Trend,1335.2080170212987,1.2348744666092937,Moderate
VB-1263HG(0.5MMX22MM),VB-1263HG(0.5MMX22MM),188.23529411764707,558.3333333333334,196.61458333333331,Strong Upward Trend,654.196267499484,2.683882123074806,Irregular
VB-1291 ELECTRIC BLUE (0.45MMX22MM),VB-1291 ELECTRIC BLUE (0.45MMX22MM),151.47058823529412,0.0,-100.0,Dormant Item,201.56041914052113,1.5655178185671543,Dormant
VB-1299 NAVY BLUE (0.45MMX22MM),VB-1299 NAVY BLUE (0.45MMX22MM),120.58823529411765,0.0,-100.0,Dormant Item,216.8982982756476,2.1160809587868057,Dormant
VB-1313MT(0.45MMX22MM),VB-1313MT(0.45MMX22MM),575.0,416.6666666666667,-27.536231884057965,Downward Trend,849.1690885952225,1.5404427911024445,Irregular
VB-1401MT (0.45X22MM),VB-1401MT (0.45X22MM),536.7647058823529,491.6666666666667,-8.401826484018258,Stable Trend,976.5717114950176,1.8425881348962596,Irregular
VB-1401MT(0.5MMX40MM),VB-1401MT(0.5MMX40MM),11.764705882352942,50.0,324.99999999999994,Strong Upward Trend,50.06406152531231,2.860803515732132,Irregular
VB-1698 {0.45X22MM},VB-1698 {0.45X22MM},130.88235294117646,250.0,91.0112359550562,Strong Upward Trend,386.21893286394453,2.5964298007660136,Irregular
VB-1803 ASH DARK(0.45MMX22MM),VB-1803 ASH DARK(0.45MMX22MM),441.1764705882353,225.0,-49.0,Downward Trend,581.8722544621116,1.4235406836993556,Irregular
VB-1804{0.45X22MM},VB-1804{0.45X22MM},47.05882352941177,441.6666666666667,838.5416666666666,Strong Upward Trend,385.83700225314357,3.6314070800295863,Irregular
VB-1815 (0.45MMX22MM),VB-1815 (0.45MMX22MM),248.52941176470588,183.33333333333334,-26.232741617356996,Downward Trend,329.0404659082652,1.3781799619194355,Irregular
VB-1873 (0.45X22MM),VB-1873 (0.45X22MM),1048.5294117647059,1433.3333333333333,36.69939223936419,Upward Trend,2121.9604958985087,1.9181563804732282,Irregular
VB-19070(0.45MMX22MM),VB-19070(0.45MMX22MM),702.9411764705883,2066.6666666666665,194.00278940027889,Strong Upward Trend,1784.3173656999647,1.9661899346556084,Irregular
VB-19071 (0.45X22MM),VB-19071 (0.45X22MM),370.5882352941176,441.6666666666667,19.17989417989419,Stable Trend,719.3023240149676,1.886694620367128,Irregular
VB-19074 (0.45X22MM),VB-19074 (0.45X22MM),236.76470588235293,241.66666666666666,2.0703933747412027,Stable Trend,526.8131084948924,2.2181604568205997,Irregular
VB-19079 (0.45X22MM),VB-19079 (0.45X22MM),207.35294117647058,208.33333333333334,0.47281323877069426,Stable Trend,443.40610545974033,2.136896893781881,Irregular
VB-2011MT (0.45X22MM),VB-2011MT (0.45X22MM),47.05882352941177,16.666666666666668,-64.58333333333334,Strong Downward Trend,130.8502765445869,3.0788300363432213,Irregular
VB-2012 MT(0.45X22MM),VB-2012 MT(0.45X22MM),10.294117647058824,0.0,-100.0,Dormant Item,27.473763708449052,3.1398587095370347,Dormant
VB-2890 MT(0.45X22MM),VB-2890 MT(0.45X22MM),48.529411764705884,166.66666666666666,243.4343434343434,Strong Upward Trend,171.86290750001575,2.5941570943398604,Irregular
VB-2891-MT-WOOD-0.45*22,VB-2891-MT-WOOD-0.45*22,0.0,2483.3333333333335,0.0,New Moving Item,1432.048470029147,3.844425422897039,Irregular
VB-2892 MT(.45X22MM),VB-2892 MT(.45X22MM),291.1764705882353,5266.666666666667,1708.754208754209,Strong Upward Trend,2899.6186751948026,2.794813180910653,Irregular
VB-2892 MT(.8X22MM),VB-2892 MT(.8X22MM),0.0,58.333333333333336,0.0,New Moving Item,55.339859052946636,6.324555320336758,One-time Sale
VB-30029 (0.45MMX22MM),VB-30029 (0.45MMX22MM),161.76470588235293,91.66666666666667,-43.33333333333332,Downward Trend,318.74905731383984,2.1074317838931558,Irregular
VB-30034(0.45MMX22MM),VB-30034(0.45MMX22MM),26.470588235294116,16.666666666666668,-37.03703703703703,Downward Trend,66.02252917735247,2.6409011670940985,Irregular
VB-30054(0.45MMX22MM),VB-30054(0.45MMX22MM),95.58823529411765,50.0,-47.69230769230769,Downward Trend,204.59074220226046,2.3052477994620895,Irregular
VB-30072 (0.45MMX22MM),VB-30072 (0.45MMX22MM),32.35294117647059,91.66666666666667,183.33333333333334,Strong Upward Trend,89.79142498033985,2.1767618177052084,Irregular
VB-30086(0.45MMX22MM),VB-30086(0.45MMX22MM),202.94117647058823,241.66666666666666,19.082125603864732,Stable Trend,427.8580372039306,2.0496193398990687,Irregular
VB-30167 (0.45MMX22MM),VB-30167 (0.45MMX22MM),76.47058823529412,16.666666666666668,-78.20512820512819,Strong Downward Trend,152.14281414985035,2.25396761703482,Irregular
VB-30181(0.45MMX22MM),VB-30181(0.45MMX22MM),19.11764705882353,50.0,161.53846153846155,Strong Upward Trend,86.22235714589848,3.6304150377220417,Irregular
VB-30216 (0.45X22MM),VB-30216 (0.45X22MM),73.52941176470588,41.666666666666664,-43.33333333333334,Downward Trend,172.7186462696798,2.5122712184680696,Irregular
VB-4013 (0.45MMX22MM),VB-4013 (0.45MMX22MM),60.294117647058826,41.666666666666664,-30.894308943089438,Downward Trend,146.56319193702504,2.5489250771656526,Irregular
VB-5063 (0.45X22MM),VB-5063 (0.45X22MM),208.8235294117647,658.3333333333334,215.25821596244134,Strong Upward Trend,558.2697055210538,2.0208858118409188,Irregular
VB-5095 (0.45X22MM),VB-5095 (0.45X22MM),441.1764705882353,1050.0,138.0,Strong Upward Trend,988.689238464954,1.8566934055679887,Irregular
VB-5171 (0.45X22MM),VB-5171 (0.45X22MM),119.11764705882354,116.66666666666667,-2.057613168724281,Stable Trend,239.57427519108418,2.0174675805564983,Irregular
VB-5373 (0.45X22MM),VB-5373 (0.45X22MM),317.6470588235294,466.6666666666667,46.9135802469136,Upward Trend,660.9239841468252,1.943894071020074,Irregular
VB-5375 SATURNO WALNUT(0.45MMX22MM),VB-5375 SATURNO WALNUT(0.45MMX22MM),244.11764705882354,66.66666666666667,-72.69076305220882,Strong Downward Trend,356.00165657926294,1.6367892256517838,Irregular
VB-5465 (0.45X22MM),VB-5465 (0.45X22MM),745.5882352941177,1308.3333333333333,75.4766600920447,Strong Upward Trend,1424.2316867124875,1.7159417912198645,Irregular
VB-5550 (0.45MMX22MM),VB-5550 (0.45MMX22MM),288.2352941176471,241.66666666666666,-16.15646258503402,Stable Trend,548.97194127541,1.9519002356459023,Irregular
VB-5550(0.5MMX40MM),VB-5550(0.5MMX40MM),0.0,0.0,0.0,No Sales,0.0,0.0,Irregular
VB-5771 (0.45X22MM),VB-5771 (0.45X22MM),182.35294117647058,275.0,50.80645161290324,Strong Upward Trend,410.96938247676474,2.0941115030663173,Irregular
VB-5772 (0.45MMX22MM),VB-5772 (0.45MMX22MM),230.88235294117646,533.3333333333334,130.99787685774947,Strong Upward Trend,550.8719777747239,1.9941067068768286,Irregular
VB-REALWOOD2 (0.45X22MM),VB-REALWOOD2 (0.45X22MM),1098.5294117647059,1525.0,38.821954484605094,Upward Trend,2002.0422265584407,1.722186861555648,Irregular
VB-REALWOOD3 (0.45X22MM),VB-REALWOOD3 (0.45X22MM),1560.2941176470588,3975.0,154.75966069745525,Strong Upward Trend,3416.043407818842,1.7768756347562247,Irregular
VB-REALWUD 0.45X22MM,VB-REALWUD 0.45X22MM,850.0,0.0,-100.0,Dormant Item,1283.622178616394,1.7766396935867044,Dormant
VB1085 BLACK MT(0.45MMX22MM),VB1085 BLACK MT(0.45MMX22MM),147.05882352941177,0.0,-100.0,Dormant Item,386.63571936278663,3.093085754902293,Dormant
WOODSEAL 20GM,WOODSEAL 20GM,24.705882352941178,0.0,-100.0,Dormant Item,53.80639557829724,2.5622093132522497,Dormant
WOODSEAL 50GM,WOODSEAL 50GM,28.058823529411764,0.0,-100.0,Dormant Item,57.350273287525376,2.404623617925592,Dormant
WPC GLUE 600GM,WPC GLUE 600GM,0.5882352941176471,0.0,-100.0,Dormant Item,1.8397324220156,3.6794648440312,Dormant
