Item Code / SKU,Item Key,Item Name,Overall Monthly Velocity Qty,Recent Monthly Velocity Qty,Weighted Velocity Qty,Velocity Percentile,Velocity Class,Sales Frequency %,Recent Sales Frequency %,Consistency Class
10397 HG(0.5X22 MM),10397 HG(0.5X22 MM),10397 HG(0.5X22 MM),8.75,58.333333333333336,43.458333333333336,28.1496062992126,Slow Moving,5.0,33.33333333333333,Irregular
10398 HG(0.5X22MM),10398 HG(0.5X22MM),10398 HG(0.5X22MM),0.0,0.0,0.0,0.0,Dead Stock / No Sales,0.0,0.0,Irregular
10659 (0.45X40MM),10659 (0.45X40MM),10659 (0.45X40MM),1.25,8.333333333333334,6.208333333333333,7.086614173228346,Slow Moving,2.5,16.666666666666664,One-time Sale
1126 HG(0.5X40),1126 HG(0.5X40),1126 HG(0.5X40),10.0,66.66666666666667,49.666666666666664,33.07086614173229,Slow Moving,7.5,50.0,Irregular
1126 MT 0.5 X22,1126 MT 0.5 X22,1126 MT 0.5 X22,0.0,0.0,0.0,0.0,Dead Stock / No Sales,0.0,0.0,Irregular
1131 0.5X40MM,1131 0.5X40MM,1131 0.5X40MM,18.75,125.0,93.125,46.45669291338583,Medium Moving,2.5,16.666666666666664,One-time Sale
1135 HG 0.5X40MM,1135 HG 0.5X40MM,1135 HG 0.5X40MM,32.5,216.66666666666666,161.41666666666666,61.023622047244096,Medium Moving,7.5,50.0,Irregular
1135 HG 0.8 X 22 MM,1135 HG 0.8 X 22 MM,1135 HG 0.8 X 22 MM,22.5,150.0,111.75,52.362204724409445,Medium Moving,7.5,50.0,Irregular
1140 HG (BAGE),1140 HG (BAGE),1140 HG (BAGE),155.0,1033.3333333333333,769.8333333333333,90.94488188976378,Very Fast Moving,7.5,50.0,Irregular
11510 (0.45X40MM),11510 (0.45X40MM),11510 (0.45X40MM),1.25,8.333333333333334,6.208333333333333,7.086614173228346,Slow Moving,2.5,16.666666666666664,One-time Sale
1261 HG (0.5 X 40 MM),1261 HG (0.5 X 40 MM),1261 HG (0.5 X 40 MM),7.5,50.0,37.25,24.015748031496063,Slow Moving,5.0,33.33333333333333,Irregular
1261MT 2MMX22MM,1261MT 2MMX22MM,1261MT 2MMX22MM,0.0,0.0,0.0,0.0,Dead Stock / No Sales,0.0,0.0,Irregular
1264 MT 0.5 X 22,1264 MT 0.5 X 22,1264 MT 0.5 X 22,0.0,0.0,0.0,0.0,Dead Stock / No Sales,0.0,0.0,Irregular
1267 HG(0.5X22MM),1267 HG(0.5X22MM),1267 HG(0.5X22MM),83.75,558.3333333333334,415.9583333333333,80.51181102362204,Fast Moving,7.5,50.0,Irregular
19070 MT(0.8MMX40MM),19070 MT(0.8MMX40MM),19070 MT(0.8MMX40MM),12.5,58.333333333333336,44.583333333333336,29.133858267716533,Slow Moving,5.0,16.666666666666664,Irregular
19991 HG (0.5 X 22 MM),19991 HG (0.5 X 22 MM),19991 HG (0.5 X 22 MM),66.25,441.6666666666667,329.0416666666667,75.59055118110236,Fast Moving,7.5,50.0,Irregular
19992 HG(0.5X22 MM),19992 HG(0.5X22 MM),19992 HG(0.5X22 MM),100.0,666.6666666666666,496.66666666666663,86.22047244094489,Fast Moving,7.5,50.0,Irregular
19992 MT 0.5 X 22,19992 MT 0.5 X 22,19992 MT 0.5 X 22,0.0,0.0,0.0,0.0,Dead Stock / No Sales,0.0,0.0,Irregular
19993 HG(0.5X22 MM),19993 HG(0.5X22 MM),19993 HG(0.5X22 MM),60.0,400.0,298.0,72.04724409448819,Medium Moving,7.5,50.0,Irregular
19994 HG(0.5X22MM),19994 HG(0.5X22MM),19994 HG(0.5X22MM),83.75,558.3333333333334,415.9583333333333,80.51181102362204,Fast Moving,7.5,50.0,Irregular
19995 HG(0.5X22MM),19995 HG(0.5X22MM),19995 HG(0.5X22MM),51.25,341.6666666666667,254.54166666666666,69.68503937007874,Medium Moving,7.5,50.0,Irregular
19996 HG(0.5X22 MM),19996 HG(0.5X22 MM),19996 HG(0.5X22 MM),88.75,591.6666666666666,440.79166666666663,83.85826771653542,Fast Moving,7.5,50.0,Irregular
2891 0.5X40MM,2891 0.5X40MM,2891 0.5X40MM,23.75,158.33333333333334,117.95833333333333,54.7244094488189,Medium Moving,7.5,50.0,Irregular
2892 ( 0.5 X 40 MM ),2892 ( 0.5 X 40 MM ),2892 ( 0.5 X 40 MM ),52.5,350.0,260.75,70.07874015748031,Medium Moving,7.5,50.0,Irregular
5465 (0.5X40MM),5465 (0.5X40MM),5465 (0.5X40MM),17.5,116.66666666666667,86.91666666666667,45.2755905511811,Medium Moving,7.5,50.0,Irregular
7611 (0.45 X 22 MM),7611 (0.45 X 22 MM),7611 (0.45 X 22 MM),75.0,500.0,372.5,77.95275590551181,Fast Moving,7.5,50.0,Irregular
POLYFIX DE-BONDER 100ML,POLYFIX DE-BONDER 100ML,POLYFIX DE-BONDER 100ML,0.05,0.0,0.015,0.39370078740157477,Dormant,5.0,0.0,Dormant
POLYFIX WPC GRADE 50GM,POLYFIX WPC GRADE 50GM,POLYFIX WPC GRADE 50GM,6.3,0.0,1.89,3.543307086614173,Dormant,15.0,0.0,Dormant
POLYFIX-FLX 20GM,POLYFIX-FLX 20GM,POLYFIX-FLX 20GM,21.85,0.0,6.555000000000001,8.267716535433072,Dormant,22.5,0.0,Dormant
POLYFIX-FLX 50GM,POLYFIX-FLX 50GM,POLYFIX-FLX 50GM,22.3,0.0,6.69,8.661417322834646,Dormant,30.0,0.0,Dormant
REALWOOD 1 (0.45X22),REALWOOD 1 (0.45X22),REALWOOD 1 (0.45X22),115.0,766.6666666666666,571.1666666666666,88.58267716535433,Fast Moving,7.5,50.0,Irregular
REALWOOD2 (0.5 X 40 MM),REALWOOD2 (0.5 X 40 MM),REALWOOD2 (0.5 X 40 MM),13.75,91.66666666666667,68.29166666666667,40.94488188976378,Medium Moving,7.5,50.0,Irregular
TOTAL,TOTAL,Total,0.0,0.0,0.0,0.0,Dead Stock / No Sales,0.0,0.0,Moderate
VAY BAND 1003 (0.5 MM),VAY BAND 1003 (0.5 MM),VAY BAND 1003 (0.5 MM),470.0,0.0,141.0,58.85826771653543,Dormant,15.0,0.0,Dormant
VAY BAND 1011HG(P-WHITE),VAY BAND 1011HG(P-WHITE),VAY BAND 1011HG(P-WHITE),816.25,0.0,244.875,68.50393700787401,Dormant,32.5,0.0,Dormant
VAY BAND 1011HG(P-WHITE) 40MMX50MTR,VAY BAND 1011HG(P-WHITE) 40MMX50MTR,VAY BAND 1011HG(P-WHITE) 40MMX50MTR,35.0,0.0,10.5,12.598425196850393,Dormant,10.0,0.0,Dormant
VAY BAND 1011MT(P-WHITE),VAY BAND 1011MT(P-WHITE),VAY BAND 1011MT(P-WHITE),746.25,0.0,223.875,66.53543307086615,Dormant,27.5,0.0,Dormant
VAY BAND 1011MT(P-WHITE) 40MMX50MTR,VAY BAND 1011MT(P-WHITE) 40MMX50MTR,VAY BAND 1011MT(P-WHITE) 40MMX50MTR,57.5,0.0,17.25,16.141732283464567,Dormant,20.0,0.0,Dormant
VAY BAND 1013,VAY BAND 1013,VAY BAND 1013,648.75,0.0,194.625,63.77952755905512,Dormant,25.0,0.0,Dormant
VAY BAND 1013 0.8MMX22MM,VAY BAND 1013 0.8MMX22MM,VAY BAND 1013 0.8MMX22MM,66.25,150.0,124.875,56.496062992125985,Medium Moving,25.0,50.0,Irregular
VAY BAND 1013 40 MM,VAY BAND 1013 40 MM,VAY BAND 1013 40 MM,46.25,0.0,13.875,14.566929133858267,Dormant,30.0,0.0,Dormant
VAY BAND 1014 SPECIAL WHITE,VAY BAND 1014 SPECIAL WHITE,VAY BAND 1014 SPECIAL WHITE,183.75,0.0,55.125,35.826771653543304,Dormant,35.0,0.0,Dormant
VAY BAND 1033MT 0.5X22MM,VAY BAND 1033MT 0.5X22MM,VAY BAND 1033MT 0.5X22MM,0.0,0.0,0.0,0.0,Dead Stock / No Sales,0.0,0.0,Irregular
VAY BAND 1043 (0.5 MM),VAY BAND 1043 (0.5 MM),VAY BAND 1043 (0.5 MM),1071.25,0.0,321.375,75.19685039370079,Dormant,17.5,0.0,Dormant
VAY BAND 10450,VAY BAND 10450,VAY BAND 10450,780.0,0.0,234.0,67.32283464566929,Dormant,45.0,0.0,Dormant
VAY BAND 10485,VAY BAND 10485,VAY BAND 10485,1133.75,0.0,340.125,75.98425196850394,Dormant,42.5,0.0,Dormant
VAY BAND 10485 40MM,VAY BAND 10485 40MM,VAY BAND 10485 40MM,101.25,50.0,65.375,40.15748031496063,Medium Moving,47.5,33.33333333333333,Irregular
VAY BAND 10659,VAY BAND 10659,VAY BAND 10659,2178.75,0.0,653.625,88.9763779527559,Dormant,30.0,0.0,Dormant
VAY BAND 10659 0.5X22MM,VAY BAND 10659 0.5X22MM,VAY BAND 10659 0.5X22MM,470.0,0.0,141.0,58.85826771653543,Dormant,15.0,0.0,Dormant
VAY BAND 10659 0.8MMX22MM,VAY BAND 10659 0.8MMX22MM,VAY BAND 10659 0.8MMX22MM,448.75,941.6666666666666,793.7916666666666,91.33858267716536,Very Fast Moving,37.5,50.0,Irregular
VAY BAND 10659 2MMX22MM,VAY BAND 10659 2MMX22MM,VAY BAND 10659 2MMX22MM,97.5,150.0,134.25,57.08661417322835,Medium Moving,22.5,33.33333333333333,Irregular
VAY BAND 10659 2MMX40MM,VAY BAND 10659 2MMX40MM,VAY BAND 10659 2MMX40MM,31.25,66.66666666666667,56.041666666666664,36.61417322834646,Slow Moving,22.5,33.33333333333333,Irregular
VAY BAND 10659 40MM,VAY BAND 10659 40MM,VAY BAND 10659 40MM,462.5,558.3333333333334,529.5833333333333,87.00787401574803,Fast Moving,62.5,50.0,Moderate
VAY BAND 10944,VAY BAND 10944,VAY BAND 10944,355.0,0.0,106.5,50.39370078740157,Dormant,40.0,0.0,Dormant
VAY BAND 1101HG LIGHT GREY,VAY BAND 1101HG LIGHT GREY,VAY BAND 1101HG LIGHT GREY,303.75,0.0,91.125,45.66929133858268,Dormant,50.0,0.0,Dormant
VAY BAND 1113HG (0.8MM),VAY BAND 1113HG (0.8MM),VAY BAND 1113HG (0.8MM),146.25,191.66666666666666,178.04166666666666,62.59842519685039,Medium Moving,37.5,50.0,Irregular
VAY BAND 1113HG(OFF-WHITE),VAY BAND 1113HG(OFF-WHITE),VAY BAND 1113HG(OFF-WHITE),2835.0,2766.6666666666665,2787.1666666666665,97.63779527559055,Very Fast Moving,70.0,50.0,Moderate
VAY BAND 1113HG(OFF-WHITE)40MMX50MTR,VAY BAND 1113HG(OFF-WHITE)40MMX50MTR,VAY BAND 1113HG(OFF-WHITE)40MMX50MTR,206.25,250.0,236.875,67.71653543307087,Medium Moving,50.0,50.0,Irregular
VAY BAND 1113MT (0.8MM),VAY BAND 1113MT (0.8MM),VAY BAND 1113MT (0.8MM),183.75,91.66666666666667,119.29166666666667,55.118110236220474,Medium Moving,45.0,50.0,Irregular
VAY BAND 1113MT (0.8MMX40MM),VAY BAND 1113MT (0.8MMX40MM),VAY BAND 1113MT (0.8MMX40MM),6.25,8.333333333333334,7.708333333333333,9.84251968503937,Slow Moving,5.0,16.666666666666664,Irregular
VAY BAND 1113MT(OFF-WHITE),VAY BAND 1113MT(OFF-WHITE),VAY BAND 1113MT(OFF-WHITE),1315.0,0.0,394.5,79.52755905511812,Dormant,35.0,0.0,Dormant
VAY BAND 1113MT(OFF-WHITE) 40MMX50MTR,VAY BAND 1113MT(OFF-WHITE) 40MMX50MTR,VAY BAND 1113MT(OFF-WHITE) 40MMX50MTR,70.0,0.0,21.0,17.716535433070867,Dormant,17.5,0.0,Dormant
VAY BAND 1113MT(OFF-WHITE)-0.5X40MM,VAY BAND 1113MT(OFF-WHITE)-0.5X40MM,VAY BAND 1113MT(OFF-WHITE)-0.5X40MM,186.25,358.3333333333333,306.7083333333333,74.01574803149606,Medium Moving,35.0,50.0,Irregular
VAY BAND 1113MT(OFF-WHITE)-200 MTR,VAY BAND 1113MT(OFF-WHITE)-200 MTR,VAY BAND 1113MT(OFF-WHITE)-200 MTR,455.0,0.0,136.5,57.48031496062992,Dormant,32.5,0.0,Dormant
VAY BAND 1114 HG2MMX22MM,VAY BAND 1114 HG2MMX22MM,VAY BAND 1114 HG2MMX22MM,23.75,33.333333333333336,30.458333333333332,20.866141732283463,Slow Moving,12.5,16.666666666666664,Irregular
VAY BAND 1114GL 0.5MMX40MM,VAY BAND 1114GL 0.5MMX40MM,VAY BAND 1114GL 0.5MMX40MM,233.75,416.6666666666667,361.7916666666667,77.55905511811024,Fast Moving,37.5,50.0,Irregular
VAY BAND 1114GL 0.8MMX22MM,VAY BAND 1114GL 0.8MMX22MM,VAY BAND 1114GL 0.8MMX22MM,206.25,500.0,411.875,79.92125984251969,Fast Moving,35.0,50.0,Irregular
VAY BAND 1114MT,VAY BAND 1114MT,VAY BAND 1114MT,160.0,0.0,48.0,31.496062992125985,Dormant,7.5,0.0,Dormant
VAY BAND 1114MT 0.5MMX40MM,VAY BAND 1114MT 0.5MMX40MM,VAY BAND 1114MT 0.5MMX40MM,222.5,466.6666666666667,393.4166666666667,79.13385826771653,Fast Moving,40.0,50.0,Irregular
VAY BAND 1114MT 0.8MMX22MM,VAY BAND 1114MT 0.8MMX22MM,VAY BAND 1114MT 0.8MMX22MM,143.75,191.66666666666666,177.29166666666666,62.20472440944882,Medium Moving,35.0,50.0,Irregular
VAY BAND 1114MT 2MMX22MM,VAY BAND 1114MT 2MMX22MM,VAY BAND 1114MT 2MMX22MM,17.5,8.333333333333334,11.083333333333332,12.992125984251967,Slow Moving,15.0,16.666666666666664,Irregular
VAY BAND 1126 HG (.5),VAY BAND 1126 HG (.5),VAY BAND 1126 HG (.5),1022.5,1758.3333333333333,1537.5833333333333,95.66929133858267,Fast Moving,30.0,33.33333333333333,Irregular
VAY BAND 1126 MT .45X22MM,VAY BAND 1126 MT .45X22MM,VAY BAND 1126 MT .45X22MM,222.5,1466.6666666666667,1093.4166666666667,93.30708661417323,Very Fast Moving,10.0,50.0,Irregular
VAY BAND 1127 HG (.5),VAY BAND 1127 HG (.5),VAY BAND 1127 HG (.5),492.5,383.3333333333333,416.0833333333333,81.10236220472441,Fast Moving,32.5,50.0,Irregular
VAY BAND 1128 HG(.5),VAY BAND 1128 HG(.5),VAY BAND 1128 HG(.5),193.75,125.0,145.625,59.4488188976378,Medium Moving,30.0,33.33333333333333,Irregular
VAY BAND 1132 0.5X22MM,VAY BAND 1132 0.5X22MM,VAY BAND 1132 0.5X22MM,252.5,0.0,75.75,41.732283464566926,Dormant,15.0,0.0,Dormant
VAY BAND 1133MT0.5X22MM,VAY BAND 1133MT0.5X22MM,VAY BAND 1133MT0.5X22MM,90.0,41.666666666666664,56.166666666666664,37.00787401574803,Slow Moving,22.5,33.33333333333333,Irregular
VAY BAND 1140 HG DARK GREY 3,VAY BAND 1140 HG DARK GREY 3,VAY BAND 1140 HG DARK GREY 3,156.25,0.0,46.875,31.10236220472441,Dormant,12.5,0.0,Dormant
VAY BAND 11510,VAY BAND 11510,VAY BAND 11510,1000.0,0.0,300.0,72.83464566929135,Dormant,45.0,0.0,Dormant
VAY BAND 11510 2MMX22MM,VAY BAND 11510 2MMX22MM,VAY BAND 11510 2MMX22MM,98.0,228.33333333333334,189.23333333333335,63.38582677165354,Medium Moving,32.5,50.0,Irregular
VAY BAND 11510 40MM,VAY BAND 11510 40MM,VAY BAND 11510 40MM,217.5,291.6666666666667,269.41666666666663,70.47244094488188,Medium Moving,55.0,50.0,Irregular
VAY BAND 11510(0.5X22),VAY BAND 11510(0.5X22),VAY BAND 11510(0.5X22),56.25,375.0,279.375,71.25984251968504,Medium Moving,5.0,33.33333333333333,Irregular
VAY BAND 11510MT 0.8MMX22MM,VAY BAND 11510MT 0.8MMX22MM,VAY BAND 11510MT 0.8MMX22MM,323.75,650.0,552.125,88.18897637795276,Fast Moving,37.5,50.0,Irregular
VAY BAND 1261 HG 1.3MMX22MM,VAY BAND 1261 HG 1.3MMX22MM,VAY BAND 1261 HG 1.3MMX22MM,3.75,0.0,1.125,2.3622047244094486,Dormant,5.0,0.0,Dormant
VAY BAND 1261 HG(0.8MM),VAY BAND 1261 HG(0.8MM),VAY BAND 1261 HG(0.8MM),33.75,50.0,45.125,29.527559055118108,Slow Moving,20.0,16.666666666666664,Irregular
VAY BAND 1261 MAT (0.8MM),VAY BAND 1261 MAT (0.8MM),VAY BAND 1261 MAT (0.8MM),26.25,50.0,42.875,27.559055118110237,Slow Moving,17.5,16.666666666666664,Irregular
VAY BAND 1261 MAT 1.3MMX22MM,VAY BAND 1261 MAT 1.3MMX22MM,VAY BAND 1261 MAT 1.3MMX22MM,1.25,0.0,0.375,1.3779527559055118,Dormant,2.5,0.0,Dormant
VAY BAND 1261HG (DARK GREY),VAY BAND 1261HG (DARK GREY),VAY BAND 1261HG (DARK GREY),2017.5,1000.0,1305.25,94.48818897637796,Very Fast Moving,67.5,50.0,Moderate
VAY BAND 1261MATT (DARK GREY),VAY BAND 1261MATT (DARK GREY),VAY BAND 1261MATT (DARK GREY),320.0,0.0,96.0,47.63779527559055,Dormant,27.5,0.0,Dormant
VAY BAND 1262 HG,VAY BAND 1262 HG,VAY BAND 1262 HG,145.025,0.0,43.5075,28.74015748031496,Dormant,27.5,0.0,Dormant
VAY BAND 1262 HG(0.5X22),VAY BAND 1262 HG(0.5X22),VAY BAND 1262 HG(0.5X22),0.0,0.0,0.0,0.0,Dead Stock / No Sales,0.0,0.0,Irregular
VAY BAND 1264 HG (0.5X22MM) DARK GREY,VAY BAND 1264 HG (0.5X22MM) DARK GREY,VAY BAND 1264 HG (0.5X22MM) DARK GREY,112.5,558.3333333333334,424.5833333333333,82.67716535433071,Fast Moving,10.0,50.0,Irregular
VAY BAND 1267 LITE GREY,VAY BAND 1267 LITE GREY,VAY BAND 1267 LITE GREY,396.25,450.0,433.875,83.46456692913385,Fast Moving,45.0,50.0,Irregular
VAY BAND 1313 HG CLUD GREY,VAY BAND 1313 HG CLUD GREY,VAY BAND 1313 HG CLUD GREY,1331.25,600.0,819.375,91.73228346456693,Very Fast Moving,57.5,50.0,Moderate
VAY BAND 1313 MT CLUD GREY,VAY BAND 1313 MT CLUD GREY,VAY BAND 1313 MT CLUD GREY,287.5,0.0,86.25,44.48818897637795,Dormant,27.5,0.0,Dormant
VAY BAND 1401 BLACK MATT,VAY BAND 1401 BLACK MATT,VAY BAND 1401 BLACK MATT,217.5,0.0,65.25,39.76377952755906,Dormant,27.5,0.0,Dormant
VAY BAND 1401GL BLACK GLOSSY,VAY BAND 1401GL BLACK GLOSSY,VAY BAND 1401GL BLACK GLOSSY,511.25,283.3333333333333,351.7083333333333,76.77165354330708,Fast Moving,60.0,50.0,Moderate
VAY BAND 1401HG 40MMX50MTR,VAY BAND 1401HG 40MMX50MTR,VAY BAND 1401HG 40MMX50MTR,28.75,0.0,8.625,10.433070866141732,Dormant,10.0,0.0,Dormant
VAY BAND 1515 VENGA MT,VAY BAND 1515 VENGA MT,VAY BAND 1515 VENGA MT,170.0,0.0,51.0,34.645669291338585,Dormant,42.5,0.0,Dormant
VAY BAND 1515 VENGA MT (0.45MMX22MM),VAY BAND 1515 VENGA MT (0.45MMX22MM),VAY BAND 1515 VENGA MT (0.45MMX22MM),8.75,33.333333333333336,25.958333333333332,19.68503937007874,Slow Moving,10.0,33.33333333333333,Irregular
VAY BAND 1735,VAY BAND 1735,VAY BAND 1735,103.75,0.0,31.125,22.04724409448819,Dormant,15.0,0.0,Dormant
VAY BAND 1735 (.45X22MM),VAY BAND 1735 (.45X22MM),VAY BAND 1735 (.45X22MM),57.5,41.666666666666664,46.416666666666664,30.511811023622048,Slow Moving,15.0,16.666666666666664,Irregular
VAY BAND 1735 40MM,VAY BAND 1735 40MM,VAY BAND 1735 40MM,47.5,0.0,14.25,14.960629921259844,Dormant,25.0,0.0,Dormant
VAY BAND 1873,VAY BAND 1873,VAY BAND 1873,1302.5,75.0,443.25,84.25196850393701,Fast Moving,52.5,16.666666666666664,Irregular
VAY BAND 1873 0.5MMX40MM,VAY BAND 1873 0.5MMX40MM,VAY BAND 1873 0.5MMX40MM,111.25,166.66666666666666,150.04166666666666,59.84251968503938,Medium Moving,37.5,50.0,Irregular
VAY BAND 1873 0.8MMX22MM,VAY BAND 1873 0.8MMX22MM,VAY BAND 1873 0.8MMX22MM,287.5,316.6666666666667,307.91666666666663,74.40944881889764,Medium Moving,40.0,50.0,Irregular
VAY BAND 1873 0.8MMX40MM,VAY BAND 1873 0.8MMX40MM,VAY BAND 1873 0.8MMX40MM,2.5,16.666666666666668,12.416666666666666,13.385826771653544,Slow Moving,2.5,16.666666666666664,One-time Sale
VAY BAND 1873 2MMX22MM,VAY BAND 1873 2MMX22MM,VAY BAND 1873 2MMX22MM,47.5,16.666666666666668,25.916666666666664,19.291338582677163,Slow Moving,15.0,16.666666666666664,Irregular
VAY BAND 1873 2MMX40MM,VAY BAND 1873 2MMX40MM,VAY BAND 1873 2MMX40MM,7.5,0.0,2.25,3.937007874015748,Dormant,5.0,0.0,Dormant
VAY BAND 19070,VAY BAND 19070,VAY BAND 19070,693.75,0.0,208.125,65.35433070866141,Dormant,42.5,0.0,Dormant
VAY BAND 19070 0.5MMX40MM,VAY BAND 19070 0.5MMX40MM,VAY BAND 19070 0.5MMX40MM,0.0,0.0,0.0,0.0,Dead Stock / No Sales,0.0,0.0,Irregular
VAY BAND 19071,VAY BAND 19071,VAY BAND 19071,526.25,0.0,157.875,60.23622047244095,Dormant,40.0,0.0,Dormant
VAY BAND 19074,VAY BAND 19074,VAY BAND 19074,338.75,0.0,101.625,49.21259842519685,Dormant,42.5,0.0,Dormant
VAY BAND 19079,VAY BAND 19079,VAY BAND 19079,365.0,0.0,109.5,51.181102362204726,Dormant,47.5,0.0,Dormant
VAY BAND 2010 IVORY MAT,VAY BAND 2010 IVORY MAT,VAY BAND 2010 IVORY MAT,30.0,0.0,9.0,11.41732283464567,Dormant,20.0,0.0,Dormant
VAY BAND 2011 RED MAT,VAY BAND 2011 RED MAT,VAY BAND 2011 RED MAT,32.5,0.0,9.75,11.811023622047244,Dormant,17.5,0.0,Dormant
VAY BAND 2012 PINK MAT,VAY BAND 2012 PINK MAT,VAY BAND 2012 PINK MAT,23.75,0.0,7.125,9.05511811023622,Dormant,15.0,0.0,Dormant
VAY BAND 30007MT,VAY BAND 30007MT,VAY BAND 30007MT,182.5,0.0,54.75,35.43307086614173,Dormant,50.0,0.0,Dormant
VAY BAND 30007MT(0.5X22),VAY BAND 30007MT(0.5X22),VAY BAND 30007MT(0.5X22),0.0,0.0,0.0,0.0,Dead Stock / No Sales,0.0,0.0,Irregular
VAY BAND 30029MT,VAY BAND 30029MT,VAY BAND 30029MT,341.25,0.0,102.375,49.60629921259843,Dormant,42.5,0.0,Dormant
VAY BAND 30034MT,VAY BAND 30034MT,VAY BAND 30034MT,142.5,0.0,42.75,27.165354330708663,Dormant,42.5,0.0,Dormant
VAY BAND 30054MT,VAY BAND 30054MT,VAY BAND 30054MT,192.5,0.0,57.75,37.40157480314961,Dormant,45.0,0.0,Dormant
VAY BAND 30072MT,VAY BAND 30072MT,VAY BAND 30072MT,156.25,41.666666666666664,76.04166666666666,42.125984251968504,Medium Moving,45.0,16.666666666666664,Irregular
VAY BAND 30086MT,VAY BAND 30086MT,VAY BAND 30086MT,312.5,0.0,93.75,46.8503937007874,Dormant,47.5,0.0,Dormant
VAY BAND 30167MT,VAY BAND 30167MT,VAY BAND 30167MT,215.0,0.0,64.5,39.37007874015748,Dormant,47.5,0.0,Dormant
VAY BAND 30181MT,VAY BAND 30181MT,VAY BAND 30181MT,100.0,41.666666666666664,59.166666666666664,37.79527559055118,Slow Moving,32.5,16.666666666666664,Irregular
VAY BAND 30216MT,VAY BAND 30216MT,VAY BAND 30216MT,167.5,0.0,50.25,33.85826771653544,Dormant,42.5,0.0,Dormant
VAY BAND 4013MT,VAY BAND 4013MT,VAY BAND 4013MT,130.0,0.0,39.0,25.984251968503933,Dormant,30.0,0.0,Dormant
VAY BAND 5063MT,VAY BAND 5063MT,VAY BAND 5063MT,273.75,0.0,82.125,43.7007874015748,Dormant,42.5,0.0,Dormant
VAY BAND 5095MT,VAY BAND 5095MT,VAY BAND 5095MT,327.5,0.0,98.25,48.4251968503937,Dormant,47.5,0.0,Dormant
VAY BAND 5170MT,VAY BAND 5170MT,VAY BAND 5170MT,168.75,0.0,50.625,34.25196850393701,Dormant,47.5,0.0,Dormant
VAY BAND 5171(.5X22),VAY BAND 5171(.5X22),VAY BAND 5171(.5X22),0.0,0.0,0.0,0.0,Dead Stock / No Sales,0.0,0.0,Irregular
VAY BAND 5171MT,VAY BAND 5171MT,VAY BAND 5171MT,390.0,0.0,117.0,53.937007874015755,Dormant,45.0,0.0,Dormant
VAY BAND 5373MT,VAY BAND 5373MT,VAY BAND 5373MT,375.0,0.0,112.5,53.14960629921261,Dormant,45.0,0.0,Dormant
VAY BAND 5375MT 0.5MMX22,VAY BAND 5375MT 0.5MMX22,VAY BAND 5375MT 0.5MMX22,53.75,41.666666666666664,45.291666666666664,29.92125984251969,Slow Moving,17.5,16.666666666666664,Irregular
VAY BAND 5465MT,VAY BAND 5465MT,VAY BAND 5465MT,416.25,0.0,124.875,56.496062992125985,Dormant,42.5,0.0,Dormant
VAY BAND 5550MT,VAY BAND 5550MT,VAY BAND 5550MT,278.75,0.0,83.625,44.09448818897638,Dormant,40.0,0.0,Dormant
VAY BAND 5771,VAY BAND 5771,VAY BAND 5771,347.5,0.0,104.25,50.0,Dormant,47.5,0.0,Dormant
VAY BAND 5771(0.5X22),VAY BAND 5771(0.5X22),VAY BAND 5771(0.5X22),0.0,0.0,0.0,0.0,Dead Stock / No Sales,0.0,0.0,Irregular
VAY BAND 5772,VAY BAND 5772,VAY BAND 5772,368.75,0.0,110.625,51.96850393700787,Dormant,42.5,0.0,Dormant
VAY BAND 5772(0.5X22),VAY BAND 5772(0.5X22),VAY BAND 5772(0.5X22),0.0,0.0,0.0,0.0,Dead Stock / No Sales,0.0,0.0,Irregular
VAY BAND 5773,VAY BAND 5773,VAY BAND 5773,163.75,0.0,49.125,32.28346456692913,Dormant,50.0,0.0,Dormant
VAY BAND 5773(0.5X22),VAY BAND 5773(0.5X22),VAY BAND 5773(0.5X22),6.25,41.666666666666664,31.041666666666664,21.653543307086615,Slow Moving,2.5,16.666666666666664,One-time Sale
VAY BAND 5774,VAY BAND 5774,VAY BAND 5774,121.25,0.0,36.375,23.62204724409449,Dormant,50.0,0.0,Dormant
VAY BAND 5774 (0.5X22),VAY BAND 5774 (0.5X22),VAY BAND 5774 (0.5X22),1.25,8.333333333333334,6.208333333333333,7.086614173228346,Slow Moving,2.5,16.666666666666664,One-time Sale
VAY BAND 6987,VAY BAND 6987,VAY BAND 6987,161.25,0.0,48.375,31.88976377952756,Dormant,42.5,0.0,Dormant
VAY BAND 6987 (0.45X22),VAY BAND 6987 (0.45X22),VAY BAND 6987 (0.45X22),3.75,25.0,18.625,16.535433070866144,Slow Moving,2.5,16.666666666666664,One-time Sale
VAY BAND REALWOOD 2MMX22MM,VAY BAND REALWOOD 2MMX22MM,VAY BAND REALWOOD 2MMX22MM,10.0,8.333333333333334,8.833333333333332,11.023622047244094,Slow Moving,10.0,16.666666666666664,Irregular
VAY BAND REALWOOD LIGHT MAT,VAY BAND REALWOOD LIGHT MAT,VAY BAND REALWOOD LIGHT MAT,1415.0,0.0,424.5,82.28346456692913,Dormant,40.0,0.0,Dormant
VAY BAND REALWOOD LIGHT MAT 0.5X40MM,VAY BAND REALWOOD LIGHT MAT 0.5X40MM,VAY BAND REALWOOD LIGHT MAT 0.5X40MM,11.25,75.0,55.875,36.22047244094488,Slow Moving,7.5,50.0,Irregular
VAY BAND REALWOOD LIGHT MAT 0.8MMX22MM,VAY BAND REALWOOD LIGHT MAT 0.8MMX22MM,VAY BAND REALWOOD LIGHT MAT 0.8MMX22MM,53.75,0.0,16.125,15.748031496062993,Dormant,15.0,0.0,Dormant
VAY BAND REALWOOD LIGHT MAT 40MMX50MTR,VAY BAND REALWOOD LIGHT MAT 40MMX50MTR,VAY BAND REALWOOD LIGHT MAT 40MMX50MTR,80.0,0.0,24.0,18.503937007874015,Dormant,42.5,0.0,Dormant
VAY BAND REALWOOD-2 DARK MAT,VAY BAND REALWOOD-2 DARK MAT,VAY BAND REALWOOD-2 DARK MAT,998.75,0.0,299.625,72.44094488188976,Dormant,40.0,0.0,Dormant
VAY BAND REALWOOD3 0.5X22MM,VAY BAND REALWOOD3 0.5X22MM,VAY BAND REALWOOD3 0.5X22MM,90.0,0.0,27.0,20.47244094488189,Dormant,7.5,0.0,Dormant
VAY BAND REALWOOD3 2MMX40MM,VAY BAND REALWOOD3 2MMX40MM,VAY BAND REALWOOD3 2MMX40MM,6.25,16.666666666666668,13.541666666666666,14.173228346456693,Slow Moving,5.0,16.666666666666664,Irregular
VAY BAND REALWUD3 (0.8MMX22MM),VAY BAND REALWUD3 (0.8MMX22MM),VAY BAND REALWUD3 (0.8MMX22MM),88.75,208.33333333333334,172.45833333333334,61.811023622047244,Medium Moving,22.5,50.0,Irregular
VAY BAND REALWUD3 (40MM),VAY BAND REALWUD3 (40MM),VAY BAND REALWUD3 (40MM),165.0,0.0,49.5,32.677165354330704,Dormant,20.0,0.0,Dormant
VAY BAND REALWUD3 - 0.5X40MM,VAY BAND REALWUD3 - 0.5X40MM,VAY BAND REALWUD3 - 0.5X40MM,61.25,408.3333333333333,304.2083333333333,73.62204724409449,Medium Moving,7.5,50.0,Irregular
VAY BAND1044MT 0.5MMX22,VAY BAND1044MT 0.5MMX22,VAY BAND1044MT 0.5MMX22,125.0,0.0,37.5,24.606299212598426,Dormant,12.5,0.0,Dormant
VAY BAND10485 (0.8MMX22MM),VAY BAND10485 (0.8MMX22MM),VAY BAND10485 (0.8MMX22MM),48.75,150.0,119.625,55.90551181102362,Medium Moving,15.0,33.33333333333333,Irregular
VAY BAND1113HG 2MMX22MM,VAY BAND1113HG 2MMX22MM,VAY BAND1113HG 2MMX22MM,15.0,8.333333333333334,10.333333333333332,12.204724409448819,Slow Moving,12.5,16.666666666666664,Irregular
VAY BAND1113MT 2MMX22MM,VAY BAND1113MT 2MMX22MM,VAY BAND1113MT 2MMX22MM,20.0,41.666666666666664,35.166666666666664,22.83464566929134,Slow Moving,10.0,16.666666666666664,Irregular
VAY BAND1114HG,VAY BAND1114HG,VAY BAND1114HG,3442.5,5291.666666666667,4736.916666666666,99.60629921259843,Very Fast Moving,42.5,50.0,Irregular
VAY BAND1126 (0.8MMX22MM),VAY BAND1126 (0.8MMX22MM),VAY BAND1126 (0.8MMX22MM),70.0,208.33333333333334,166.83333333333334,61.417322834645674,Medium Moving,25.0,50.0,Irregular
VAY BAND1131 0.5X22MM,VAY BAND1131 0.5X22MM,VAY BAND1131 0.5X22MM,202.5,0.0,60.75,38.188976377952756,Dormant,15.0,0.0,Dormant
VAY BAND1135 HG{.5},VAY BAND1135 HG{.5},VAY BAND1135 HG{.5},846.25,1966.6666666666667,1630.5416666666667,96.45669291338582,Very Fast Moving,20.0,50.0,Irregular
VAY BAND1135MT 0.5X22MM,VAY BAND1135MT 0.5X22MM,VAY BAND1135MT 0.5X22MM,270.0,0.0,81.0,43.30708661417323,Dormant,17.5,0.0,Dormant
VAY BAND1136MT0.5X22MM,VAY BAND1136MT0.5X22MM,VAY BAND1136MT0.5X22MM,115.0,25.0,52.0,35.039370078740156,Slow Moving,20.0,33.33333333333333,Irregular
VAY BAND11510 2MMMX40MM,VAY BAND11510 2MMMX40MM,VAY BAND11510 2MMMX40MM,16.25,0.0,4.875,6.102362204724409,Dormant,10.0,0.0,Dormant
VAY BAND1261HG 2MMX22MM,VAY BAND1261HG 2MMX22MM,VAY BAND1261HG 2MMX22MM,5.0,0.0,1.5,3.149606299212598,Dormant,2.5,0.0,Dormant
VAY BAND1261MT 0.5MMX40MM,VAY BAND1261MT 0.5MMX40MM,VAY BAND1261MT 0.5MMX40MM,33.75,8.333333333333334,15.958333333333332,15.354330708661418,Slow Moving,20.0,16.666666666666664,Irregular
VAY BANDREALWOOD3 2MMX22MM,VAY BANDREALWOOD3 2MMX22MM,VAY BANDREALWOOD3 2MMX22MM,43.75,116.66666666666667,94.79166666666667,47.24409448818898,Medium Moving,10.0,33.33333333333333,Irregular
VAY G-PROFILE BLACK 10 FT-1050 GRM,VAY G-PROFILE BLACK 10 FT-1050 GRM,VAY G-PROFILE BLACK 10 FT-1050 GRM,4.5,30.0,22.35,18.11023622047244,Slow Moving,7.5,50.0,Irregular
VAY G-PROFILE BLACK 10 FT-1250 GRM,VAY G-PROFILE BLACK 10 FT-1250 GRM,VAY G-PROFILE BLACK 10 FT-1250 GRM,4.0,26.666666666666668,19.866666666666667,17.322834645669293,Slow Moving,7.5,50.0,Irregular
VAY G-PROFILE CP BRUSH 10 FT-1250 GRM,VAY G-PROFILE CP BRUSH 10 FT-1250 GRM,VAY G-PROFILE CP BRUSH 10 FT-1250 GRM,0.0,0.0,0.0,0.0,Dead Stock / No Sales,0.0,0.0,Irregular
VAY G-PROFILE CP BRUSH 10FT-1050GRM,VAY G-PROFILE CP BRUSH 10FT-1050GRM,VAY G-PROFILE CP BRUSH 10FT-1050GRM,0.0,0.0,0.0,0.0,Dead Stock / No Sales,0.0,0.0,Irregular
VAY G-PROFILE GREY 10 FT-1050 GRM,VAY G-PROFILE GREY 10 FT-1050 GRM,VAY G-PROFILE GREY 10 FT-1050 GRM,0.5,3.3333333333333335,2.4833333333333334,4.724409448818897,Slow Moving,5.0,33.33333333333333,Irregular
VAY G-PROFILE GREY 10 FT-1250 GRM,VAY G-PROFILE GREY 10 FT-1250 GRM,VAY G-PROFILE GREY 10 FT-1250 GRM,0.25,1.6666666666666667,1.2416666666666667,2.7559055118110236,Slow Moving,2.5,16.666666666666664,One-time Sale
VAY G-PROFILE ROSE GOLD 10 FT-1050 GRM,VAY G-PROFILE ROSE GOLD 10 FT-1050 GRM,VAY G-PROFILE ROSE GOLD 10 FT-1050 GRM,0.5,3.3333333333333335,2.4833333333333334,4.724409448818897,Slow Moving,5.0,33.33333333333333,Irregular
VAY G-PROFILE ROSE GOLD 10 FT-1250 GRM,VAY G-PROFILE ROSE GOLD 10 FT-1250 GRM,VAY G-PROFILE ROSE GOLD 10 FT-1250 GRM,0.5,3.3333333333333335,2.4833333333333334,4.724409448818897,Slow Moving,5.0,33.33333333333333,Irregular
VB-1002 MT(0.45X22MM,VB-1002 MT(0.45X22MM,VB-1002 MT(0.45X22MM,28.75,0.0,8.625,10.433070866141732,Dormant,7.5,0.0,Dormant
VB-1003 MT(0.45X22MM),VB-1003 MT(0.45X22MM),VB-1003 MT(0.45X22MM),21.25,41.666666666666664,35.541666666666664,23.228346456692915,Slow Moving,10.0,16.666666666666664,Irregular
VB-1011 MT(0.45MMX22MM),VB-1011 MT(0.45MMX22MM),VB-1011 MT(0.45MMX22MM),333.75,0.0,100.125,48.818897637795274,Dormant,12.5,0.0,Dormant
VB-1013 (0.45X22MM),VB-1013 (0.45X22MM),VB-1013 (0.45X22MM),576.25,741.6666666666666,692.0416666666666,90.15748031496062,Very Fast Moving,27.5,50.0,Irregular
VB-1033 WHITE WOOD (0.45MMX22MM),VB-1033 WHITE WOOD (0.45MMX22MM),VB-1033 WHITE WOOD  (0.45MMX22MM),160.0,25.0,65.5,40.55118110236221,Medium Moving,40.0,16.666666666666664,Irregular
VB-1037( 0.45X22MM),VB-1037( 0.45X22MM),VB-1037( 0.45X22MM),16.25,0.0,4.875,6.102362204724409,Dormant,7.5,0.0,Dormant
VB-1044 (0.45MMX22MM),VB-1044 (0.45MMX22MM),VB-1044 (0.45MMX22MM),513.75,316.6666666666667,375.79166666666663,78.34645669291339,Fast Moving,40.0,50.0,Irregular
VB-10450 (0.45X22MM),VB-10450 (0.45X22MM),VB-10450 (0.45X22MM),231.25,191.66666666666666,203.54166666666666,64.56692913385827,Medium Moving,22.5,33.33333333333333,Irregular
VB-1048 (0.45X22MM),VB-1048 (0.45X22MM),VB-1048 (0.45X22MM),250.0,0.0,75.0,41.338582677165356,Dormant,12.5,0.0,Dormant
VB-10485(0.45X22MM),VB-10485(0.45X22MM),VB-10485(0.45X22MM),886.25,1150.0,1070.875,92.91338582677166,Very Fast Moving,27.5,50.0,Irregular
VB-10659 (0.45X22MM),VB-10659 (0.45X22MM),VB-10659 (0.45X22MM),3362.5,5633.333333333333,4952.083333333333,100.0,Very Fast Moving,30.0,50.0,Irregular
VB-10659 MT(0.8MMX40MM),VB-10659 MT(0.8MMX40MM),VB-10659 MT(0.8MMX40MM),11.25,33.333333333333336,26.708333333333332,20.078740157480315,Slow Moving,12.5,33.33333333333333,Irregular
VB-1071 (0.45X22MM),VB-1071 (0.45X22MM),VB-1071  (0.45X22MM),210.0,0.0,63.0,38.976377952755904,Dormant,25.0,0.0,Dormant
VB-1090 (0.45X22MM),VB-1090 (0.45X22MM),VB-1090 (0.45X22MM),321.25,0.0,96.375,48.031496062992126,Dormant,25.0,0.0,Dormant
VB-10944(0.45X22MM),VB-10944(0.45X22MM),VB-10944(0.45X22MM),176.25,358.3333333333333,303.7083333333333,73.22834645669292,Medium Moving,27.5,50.0,Irregular
VB-1113 MAT OFF-WHITE (0.45MMX22MM),VB-1113 MAT OFF-WHITE (0.45MMX22MM),VB-1113 MAT OFF-WHITE (0.45MMX22MM),4210.0,3850.0,3958.0,98.4251968503937,Very Fast Moving,47.5,50.0,Irregular
VB-1113MAT(0.8MMX40MM),VB-1113MAT(0.8MMX40MM),VB-1113MAT(0.8MMX40MM),1.25,0.0,0.375,1.3779527559055118,Dormant,2.5,0.0,Dormant
VB-1114 MAT (0.45MMX22MM),VB-1114 MAT (0.45MMX22MM),VB-1114 MAT (0.45MMX22MM),3472.5,4658.333333333333,4302.583333333333,99.21259842519686,Very Fast Moving,37.5,50.0,Irregular
VB-1114 MT (0.8MMX40MM),VB-1114 MT (0.8MMX40MM),VB-1114 MT (0.8MMX40MM),2.5,0.0,0.75,1.968503937007874,Dormant,5.0,0.0,Dormant
VB-1115 (0.45X22MM),VB-1115 (0.45X22MM),VB-1115 (0.45X22MM),325.0,416.6666666666667,389.1666666666667,78.74015748031496,Fast Moving,32.5,50.0,Irregular
VB-1117 (0.45X22MM),VB-1117 (0.45X22MM),VB-1117 (0.45X22MM),203.75,83.33333333333333,119.45833333333333,55.51181102362205,Medium Moving,30.0,33.33333333333333,Irregular
VB-1118 (0.45X22MM),VB-1118 (0.45X22MM),VB-1118 (0.45X22MM),475.0,458.3333333333333,463.3333333333333,85.43307086614173,Fast Moving,32.5,50.0,Irregular
VB-1119 (0.45X22MM),VB-1119 (0.45X22MM),VB-1119 (0.45X22MM),702.5,725.0,718.25,90.5511811023622,Very Fast Moving,32.5,50.0,Irregular
VB-1119(0.5X40MM),VB-1119(0.5X40MM),VB-1119(0.5X40MM),21.25,100.0,76.375,42.51968503937008,Medium Moving,7.5,33.33333333333333,Irregular
VB-1119(0.8MMX22MM),VB-1119(0.8MMX22MM),VB-1119(0.8MMX22MM),32.5,41.666666666666664,38.916666666666664,25.590551181102363,Slow Moving,7.5,16.666666666666664,Irregular
VB-1119(0.8MMX40MM),VB-1119(0.8MMX40MM),VB-1119(0.8MMX40MM),5.0,16.666666666666668,13.166666666666666,13.779527559055119,Slow Moving,7.5,33.33333333333333,Irregular
VB-1120 (0.45X22MM),VB-1120 (0.45X22MM),VB-1120 (0.45X22MM),400.0,216.66666666666666,271.66666666666663,70.86614173228347,Medium Moving,32.5,50.0,Irregular
VB-1121 IVORY (0.45MMX22MM),VB-1121 IVORY (0.45MMX22MM),VB-1121 IVORY (0.45MMX22MM),207.5,66.66666666666667,108.91666666666666,50.78740157480315,Medium Moving,42.5,33.33333333333333,Irregular
VB-1121 OAK(0.45X22MM),VB-1121 OAK(0.45X22MM),VB-1121 OAK(0.45X22MM),267.5,483.3333333333333,418.5833333333333,81.49606299212599,Fast Moving,30.0,33.33333333333333,Irregular
VB-1122 (0.45X22MM),VB-1122 (0.45X22MM),VB-1122 (0.45X22MM),192.5,116.66666666666667,139.41666666666669,58.26771653543307,Medium Moving,32.5,50.0,Irregular
VB-1122 VENGA( 0.45X22MM),VB-1122 VENGA( 0.45X22MM),VB-1122 VENGA( 0.45X22MM),152.5,66.66666666666667,92.41666666666666,46.06299212598425,Medium Moving,30.0,33.33333333333333,Irregular
VB-1123 (0.45X22MM),VB-1123 (0.45X22MM),VB-1123 (0.45X22MM),171.25,50.0,86.375,44.881889763779526,Medium Moving,27.5,16.666666666666664,Irregular
VB-1127 MT(0.45X22MM),VB-1127 MT(0.45X22MM),VB-1127 MT(0.45X22MM),116.25,458.3333333333333,355.7083333333333,77.16535433070865,Fast Moving,15.0,50.0,Irregular
VB-1129 MAT(0.45MMX22MM),VB-1129 MAT(0.45MMX22MM),VB-1129 MAT(0.45MMX22MM),168.75,91.66666666666667,114.79166666666667,53.54330708661418,Medium Moving,32.5,50.0,Irregular
VB-1131(O.45X22MM),VB-1131(O.45X22MM),VB-1131(O.45X22MM),326.25,1566.6666666666667,1194.5416666666667,94.09448818897637,Very Fast Moving,12.5,50.0,Irregular
VB-1132(0.45X22MM),VB-1132(0.45X22MM),VB-1132(0.45X22MM),98.75,400.0,309.625,74.80314960629921,Medium Moving,10.0,50.0,Irregular
VB-1135 SAGE GREEN (0.45X22),VB-1135 SAGE GREEN (0.45X22),VB-1135 SAGE GREEN (0.45X22),135.0,900.0,670.5,89.37007874015748,Fast Moving,7.5,50.0,Irregular
VB-1140 BAGE (0.45MMX22MM),VB-1140 BAGE (0.45MMX22MM),VB-1140 BAGE (0.45MMX22MM),508.75,766.6666666666666,689.2916666666666,89.76377952755905,Fast Moving,47.5,50.0,Irregular
VB-1141 {0.45X22MM},VB-1141 {0.45X22MM},VB-1141 {0.45X22MM},313.75,641.6666666666666,543.2916666666666,87.4015748031496,Fast Moving,20.0,50.0,Irregular
VB-1143{0.45X2MM},VB-1143{0.45X2MM},VB-1143{0.45X2MM},68.75,225.0,178.125,62.99212598425197,Medium Moving,15.0,33.33333333333333,Irregular
VB-1144 MT(0.45X22MM),VB-1144 MT(0.45X22MM),VB-1144 MT(0.45X22MM),71.25,200.0,161.375,60.629921259842526,Medium Moving,15.0,50.0,Irregular
VB-11510(0.45X22MM),VB-11510(0.45X22MM),VB-11510(0.45X22MM),937.5,1900.0,1611.25,96.06299212598425,Very Fast Moving,27.5,50.0,Irregular
VB-1261 MAT(0.45MMX22MM),VB-1261 MAT(0.45MMX22MM),VB-1261 MAT(0.45MMX22MM),1081.25,1041.6666666666667,1053.5416666666665,92.51968503937007,Very Fast Moving,45.0,50.0,Moderate
VB-1263HG(0.5MMX22MM),VB-1263HG(0.5MMX22MM),VB-1263HG(0.5MMX22MM),243.75,558.3333333333334,463.9583333333333,85.8267716535433,Fast Moving,15.0,50.0,Irregular
VB-1291 ELECTRIC BLUE (0.45MMX22MM),VB-1291 ELECTRIC BLUE (0.45MMX22MM),VB-1291 ELECTRIC BLUE (0.45MMX22MM),128.75,0.0,38.625,25.196850393700785,Dormant,35.0,0.0,Dormant
VB-1299 NAVY BLUE (0.45MMX22MM),VB-1299 NAVY BLUE (0.45MMX22MM),VB-1299 NAVY BLUE (0.45MMX22MM),102.5,0.0,30.75,21.25984251968504,Dormant,37.5,0.0,Dormant
VB-1313MT(0.45MMX22MM),VB-1313MT(0.45MMX22MM),VB-1313MT(0.45MMX22MM),551.25,416.6666666666667,457.0416666666667,85.03937007874016,Fast Moving,40.0,50.0,Irregular
VB-1401MT (0.45X22MM),VB-1401MT (0.45X22MM),VB-1401MT (0.45X22MM),530.0,491.6666666666667,503.1666666666667,86.61417322834646,Fast Moving,30.0,50.0,Irregular
VB-1401MT(0.5MMX40MM),VB-1401MT(0.5MMX40MM),VB-1401MT(0.5MMX40MM),17.5,50.0,40.25,26.37795275590551,Slow Moving,12.5,33.33333333333333,Irregular
VB-1698 {0.45X22MM},VB-1698 {0.45X22MM},VB-1698 {0.45X22MM},148.75,250.0,219.625,66.14173228346458,Medium Moving,20.0,50.0,Irregular
VB-1803 ASH DARK(0.45MMX22MM),VB-1803 ASH DARK(0.45MMX22MM),VB-1803 ASH DARK(0.45MMX22MM),408.75,225.0,280.125,71.65354330708661,Medium Moving,45.0,50.0,Irregular
VB-1804{0.45X22MM},VB-1804{0.45X22MM},VB-1804{0.45X22MM},106.25,441.6666666666667,341.0416666666667,76.37795275590551,Fast Moving,15.0,33.33333333333333,Irregular
VB-1815 (0.45MMX22MM),VB-1815 (0.45MMX22MM),VB-1815 (0.45MMX22MM),238.75,183.33333333333334,199.95833333333334,64.1732283464567,Medium Moving,45.0,33.33333333333333,Irregular
VB-1873 (0.45X22MM),VB-1873 (0.45X22MM),VB-1873 (0.45X22MM),1106.25,1433.3333333333333,1335.2083333333333,94.88188976377953,Very Fast Moving,25.0,50.0,Irregular
VB-19070(0.45MMX22MM),VB-19070(0.45MMX22MM),VB-19070(0.45MMX22MM),907.5,2066.6666666666665,1718.9166666666665,96.8503937007874,Very Fast Moving,25.0,50.0,Irregular
VB-19071 (0.45X22MM),VB-19071 (0.45X22MM),VB-19071 (0.45X22MM),381.25,441.6666666666667,423.5416666666667,81.88976377952756,Fast Moving,30.0,50.0,Irregular
VB-19074 (0.45X22MM),VB-19074 (0.45X22MM),VB-19074 (0.45X22MM),237.5,241.66666666666666,240.41666666666666,68.11023622047244,Medium Moving,27.5,50.0,Irregular
VB-19079 (0.45X22MM),VB-19079 (0.45X22MM),VB-19079 (0.45X22MM),207.5,208.33333333333334,208.08333333333334,64.96062992125984,Medium Moving,25.0,50.0,Irregular
VB-2011MT (0.45X22MM),VB-2011MT (0.45X22MM),VB-2011MT (0.45X22MM),42.5,16.666666666666668,24.416666666666664,18.89763779527559,Slow Moving,17.5,16.666666666666664,Irregular
VB-2012 MT(0.45X22MM),VB-2012 MT(0.45X22MM),VB-2012 MT(0.45X22MM),8.75,0.0,2.625,5.511811023622047,Dormant,10.0,0.0,Dormant
VB-2890 MT(0.45X22MM),VB-2890 MT(0.45X22MM),VB-2890 MT(0.45X22MM),66.25,166.66666666666666,136.54166666666666,57.874015748031496,Medium Moving,15.0,50.0,Irregular
VB-2891-MT-WOOD-0.45*22,VB-2891-MT-WOOD-0.45*22,VB-2891-MT-WOOD-0.45*22,372.5,2483.3333333333335,1850.0833333333333,97.24409448818898,Very Fast Moving,7.5,50.0,Irregular
VB-2892 MT(.45X22MM),VB-2892 MT(.45X22MM),VB-2892 MT(.45X22MM),1037.5,5266.666666666667,3997.9166666666665,98.81889763779527,Very Fast Moving,15.0,50.0,Irregular
VB-2892 MT(.8X22MM),VB-2892 MT(.8X22MM),VB-2892 MT(.8X22MM),8.75,58.333333333333336,43.458333333333336,28.1496062992126,Slow Moving,2.5,16.666666666666664,One-time Sale
VB-30029 (0.45MMX22MM),VB-30029 (0.45MMX22MM),VB-30029 (0.45MMX22MM),151.25,91.66666666666667,109.54166666666667,51.574803149606296,Medium Moving,25.0,33.33333333333333,Irregular
VB-30034(0.45MMX22MM),VB-30034(0.45MMX22MM),VB-30034(0.45MMX22MM),25.0,16.666666666666668,19.166666666666664,16.92913385826772,Slow Moving,15.0,16.666666666666664,Irregular
VB-30054(0.45MMX22MM),VB-30054(0.45MMX22MM),VB-30054(0.45MMX22MM),88.75,50.0,61.625,38.582677165354326,Slow Moving,20.0,16.666666666666664,Irregular
VB-30072 (0.45MMX22MM),VB-30072 (0.45MMX22MM),VB-30072 (0.45MMX22MM),41.25,91.66666666666667,76.54166666666667,42.91338582677165,Medium Moving,22.5,50.0,Irregular
VB-30086(0.45MMX22MM),VB-30086(0.45MMX22MM),VB-30086(0.45MMX22MM),208.75,241.66666666666666,231.79166666666666,66.92913385826772,Medium Moving,25.0,50.0,Irregular
VB-30167 (0.45MMX22MM),VB-30167 (0.45MMX22MM),VB-30167 (0.45MMX22MM),67.5,16.666666666666668,31.916666666666664,22.440944881889763,Slow Moving,22.5,16.666666666666664,Irregular
VB-30181(0.45MMX22MM),VB-30181(0.45MMX22MM),VB-30181(0.45MMX22MM),23.75,50.0,42.125,26.77165354330709,Slow Moving,12.5,33.33333333333333,Irregular
VB-30216 (0.45X22MM),VB-30216 (0.45X22MM),VB-30216 (0.45X22MM),68.75,41.666666666666664,49.791666666666664,33.46456692913386,Slow Moving,17.5,16.666666666666664,Irregular
VB-4013 (0.45MMX22MM),VB-4013 (0.45MMX22MM),VB-4013 (0.45MMX22MM),57.5,41.666666666666664,46.416666666666664,30.511811023622048,Slow Moving,25.0,50.0,Irregular
VB-5063 (0.45X22MM),VB-5063 (0.45X22MM),VB-5063 (0.45X22MM),276.25,658.3333333333334,543.7083333333333,87.79527559055119,Fast Moving,27.5,50.0,Irregular
VB-5095 (0.45X22MM),VB-5095 (0.45X22MM),VB-5095 (0.45X22MM),532.5,1050.0,894.75,92.1259842519685,Very Fast Moving,25.0,50.0,Irregular
VB-5171 (0.45X22MM),VB-5171 (0.45X22MM),VB-5171 (0.45X22MM),118.75,116.66666666666667,117.29166666666667,54.330708661417326,Medium Moving,22.5,33.33333333333333,Irregular
VB-5373 (0.45X22MM),VB-5373 (0.45X22MM),VB-5373 (0.45X22MM),340.0,466.6666666666667,428.6666666666667,83.07086614173228,Fast Moving,27.5,50.0,Irregular
VB-5375 SATURNO WALNUT(0.45MMX22MM),VB-5375 SATURNO WALNUT(0.45MMX22MM),VB-5375 SATURNO WALNUT(0.45MMX22MM),217.5,66.66666666666667,111.91666666666666,52.75590551181102,Medium Moving,42.5,33.33333333333333,Irregular
VB-5465 (0.45X22MM),VB-5465 (0.45X22MM),VB-5465 (0.45X22MM),830.0,1308.3333333333333,1164.8333333333333,93.7007874015748,Very Fast Moving,30.0,50.0,Irregular
VB-5550 (0.45MMX22MM),VB-5550 (0.45MMX22MM),VB-5550 (0.45MMX22MM),281.25,241.66666666666666,253.54166666666666,69.29133858267717,Medium Moving,27.5,50.0,Irregular
VB-5550(0.5MMX40MM),VB-5550(0.5MMX40MM),VB-5550(0.5MMX40MM),0.0,0.0,0.0,0.0,Dead Stock / No Sales,0.0,0.0,Irregular
VB-5771 (0.45X22MM),VB-5771 (0.45X22MM),VB-5771 (0.45X22MM),196.25,275.0,251.375,68.89763779527559,Medium Moving,25.0,50.0,Irregular
VB-5772 (0.45MMX22MM),VB-5772 (0.45MMX22MM),VB-5772 (0.45MMX22MM),276.25,533.3333333333334,456.2083333333333,84.64566929133859,Fast Moving,25.0,50.0,Irregular
VB-REALWOOD2 (0.45X22MM),VB-REALWOOD2 (0.45X22MM),VB-REALWOOD2 (0.45X22MM),1162.5,1525.0,1416.25,95.2755905511811,Very Fast Moving,30.0,50.0,Irregular
VB-REALWOOD3 (0.45X22MM),VB-REALWOOD3 (0.45X22MM),VB-REALWOOD3 (0.45X22MM),1922.5,3975.0,3359.25,98.03149606299213,Very Fast Moving,30.0,50.0,Irregular
VB-REALWUD 0.45X22MM,VB-REALWUD 0.45X22MM,VB-REALWUD 0.45X22MM,722.5,0.0,216.75,65.74803149606299,Dormant,32.5,0.0,Dormant
VB1085 BLACK MT(0.45MMX22MM),VB1085 BLACK MT(0.45MMX22MM),VB1085 BLACK MT(0.45MMX22MM),125.0,0.0,37.5,24.606299212598426,Dormant,12.5,0.0,Dormant
WOODSEAL 20GM,WOODSEAL 20GM,WOODSEAL 20GM,21.0,0.0,6.3,7.874015748031496,Dormant,22.5,0.0,Dormant
WOODSEAL 50GM,WOODSEAL 50GM,WOODSEAL 50GM,23.85,0.0,7.155,9.448818897637794,Dormant,17.5,0.0,Dormant
WPC GLUE 600GM,WPC GLUE 600GM,WPC GLUE 600GM,0.5,0.0,0.15,0.7874015748031495,Dormant,10.0,0.0,Dormant
