Invoice No,Date,Item Name,Rate,Qty,CGST%,CGST,SGST%,SGST,SlNo,IGST,IGST%,Amount
1,01-03-23,VAY BAND 30034MT,4.67,50.00,9.00,21.02,9.00,21.02,1,0.00,0.00,275.54
1,01-03-23,VAY BAND 30054MT,4.67,50.00,9.00,21.02,9.00,21.02,2,0.00,0.00,275.54
1,01-03-23,VAY BAND 30167MT,4.67,50.00,9.00,21.02,9.00,21.02,3,0.00,0.00,275.54
1,01-03-23,VAY BAND 30181MT,4.67,50.00,9.00,21.02,9.00,21.02,4,0.00,0.00,275.54
1,01-03-23,VAY BAND 30216MT,4.67,50.00,9.00,21.02,9.00,21.02,5,0.00,0.00,275.54
1,01-03-23,VAY BAND 5063MT,4.67,150.00,9.00,63.04,9.00,63.04,6,0.00,0.00,826.58
1,01-03-23,VAY BAND 5095MT,4.67,50.00,9.00,21.02,9.00,21.02,7,0.00,0.00,275.54
1,01-03-23,VAY BAND 5171MT,4.67,300.00,9.00,126.09,9.00,126.09,8,0.00,0.00,1653.18
1,01-03-23,VAY BAND 5373MT,4.67,50.00,9.00,21.02,9.00,21.02,9,0.00,0.00,275.54
1,01-03-23,VAY BAND 5465MT,4.67,50.00,9.00,21.02,9.00,21.02,10,0.00,0.00,275.54
1,01-03-23,VAY BAND 5550MT,4.67,150.00,9.00,63.04,9.00,63.04,11,0.00,0.00,826.58
2,01-03-23,VAY BAND 30054MT,4.67,150.00,9.00,63.04,9.00,63.04,12,0.00,0.00,826.58
2,01-03-23,VAY BAND 5063MT,4.67,50.00,9.00,21.02,9.00,21.02,13,0.00,0.00,275.54
2,01-03-23,VAY BAND 5465MT,4.67,150.00,9.00,63.04,9.00,63.04,14,0.00,0.00,826.58
3,03-03-23,VAY BAND 5550MT,4.67,250.00,9.00,105.08,9.00,105.08,15,0.00,0.00,1377.66
4,04-03-23,VAY BAND 1113HG(OFF-WHITE),7.63,1000.00,9.00,686.48,9.00,686.48,16,0.00,0.00,9000.46
5,07-03-23,VAY BAND 5095MT,4.58,50.00,9.00,20.61,9.00,20.61,17,0.00,0.00,270.22
6,07-03-23,VAY BAND 30029MT,4.66,50.00,9.00,20.97,9.00,20.97,18,0.00,0.00,274.94
6,07-03-23,VAY BAND 30034MT,4.66,50.00,9.00,20.97,9.00,20.97,19,0.00,0.00,274.94
6,07-03-23,VAY BAND 30181MT,4.66,50.00,9.00,20.97,9.00,20.97,20,0.00,0.00,274.94
6,07-03-23,VAY BAND 30216MT,4.66,50.00,9.00,20.97,9.00,20.97,21,0.00,0.00,274.94
6,07-03-23,VAY BAND 5170MT,4.66,50.00,9.00,20.97,9.00,20.97,22,0.00,0.00,274.94
6,07-03-23,VAY BAND 5171MT,4.66,50.00,9.00,20.97,9.00,20.97,23,0.00,0.00,274.94
7,09-03-23,POLYFIX DE-BONDER 100ML,230.51,1.00,9.00,20.75,9.00,20.75,24,0.00,0.00,272.01
7,09-03-23,POLYFIX-FLX 20GM,27.20,100.00,9.00,244.80,9.00,244.80,25,0.00,0.00,3209.60
7,09-03-23,POLYFIX-FLX 50GM,66.52,40.00,9.00,239.47,9.00,239.47,26,0.00,0.00,3139.74
7,09-03-23,WOODSEAL 20GM,31.36,100.00,9.00,282.24,9.00,282.24,27,0.00,0.00,3700.48
7,09-03-23,WOODSEAL 50GM,74.58,40.00,9.00,268.49,9.00,268.49,28,0.00,0.00,3520.18
7,09-03-23,WPC GLUE 600GM,800.00,1.00,9.00,72.00,9.00,72.00,29,0.00,0.00,944.00
8,10-03-23,VAY BAND 30167MT,4.66,150.00,9.00,62.91,9.00,62.91,30,0.00,0.00,824.82
9,10-03-23,VAY BAND 1011MT(P-WHITE),4.66,50.00,9.00,20.97,9.00,20.97,31,0.00,0.00,274.94
9,10-03-23,VAY BAND 1113MT(OFF-WHITE),4.66,50.00,9.00,20.97,9.00,20.97,32,0.00,0.00,274.94
9,10-03-23,VAY BAND 30007MT,4.66,50.00,9.00,20.97,9.00,20.97,33,0.00,0.00,274.94
9,10-03-23,VAY BAND 30086MT,4.66,50.00,9.00,20.97,9.00,20.97,34,0.00,0.00,274.94
9,10-03-23,VAY BAND 30167MT,4.66,50.00,9.00,20.97,9.00,20.97,35,0.00,0.00,274.94
9,10-03-23,VAY BAND 5095MT,4.66,50.00,9.00,20.97,9.00,20.97,36,0.00,0.00,274.94
9,10-03-23,VAY BAND 5170MT,4.66,50.00,9.00,20.97,9.00,20.97,37,0.00,0.00,274.94
9,10-03-23,VAY BAND 5373MT,4.66,50.00,9.00,20.97,9.00,20.97,38,0.00,0.00,274.94
9,10-03-23,VAY BAND 5550MT,4.66,50.00,9.00,20.97,9.00,20.97,39,0.00,0.00,274.94
10,10-03-23,POLYFIX-FLX 20GM,27.20,25.00,9.00,61.20,9.00,61.20,40,0.00,0.00,802.40
10,10-03-23,POLYFIX-FLX 50GM,66.52,20.00,9.00,119.74,9.00,119.74,41,0.00,0.00,1569.88
10,10-03-23,WOODSEAL 20GM,31.36,25.00,9.00,70.56,9.00,70.56,42,0.00,0.00,925.12
10,10-03-23,WOODSEAL 50GM,74.58,20.00,9.00,134.24,9.00,134.24,43,0.00,0.00,1760.08
11,10-03-23,POLYFIX-FLX 20GM,27.20,25.00,9.00,61.20,9.00,61.20,44,0.00,0.00,802.40
11,10-03-23,POLYFIX-FLX 50GM,66.52,20.00,9.00,119.74,9.00,119.74,45,0.00,0.00,1569.88
11,10-03-23,VAY BAND 1011HG(P-WHITE),7.63,250.00,9.00,171.68,9.00,171.68,46,0.00,0.00,2250.86
11,10-03-23,WOODSEAL 20GM,31.36,25.00,9.00,70.56,9.00,70.56,47,0.00,0.00,925.12
11,10-03-23,WOODSEAL 50GM,74.58,20.00,9.00,134.24,9.00,134.24,48,0.00,0.00,1760.08
12,10-03-23,VAY BAND 5170MT,4.66,200.00,9.00,83.88,9.00,83.88,49,0.00,0.00,1099.76
12,10-03-23,VAY BAND 5373MT,4.66,200.00,9.00,83.88,9.00,83.88,50,0.00,0.00,1099.76
13,11-03-23,VAY BAND 1011MT(P-WHITE),4.66,100.00,9.00,41.94,9.00,41.94,51,0.00,0.00,549.88
13,11-03-23,VAY BAND 1113MT(OFF-WHITE),4.66,50.00,9.00,20.97,9.00,20.97,52,0.00,0.00,274.94
13,11-03-23,VAY BAND REALWOOD LIGHT MAT,4.66,200.00,9.00,83.88,9.00,83.88,53,0.00,0.00,1099.76
14,11-03-23,VAY BAND REALWOOD LIGHT MAT,4.66,500.00,9.00,209.79,9.00,209.79,54,0.00,0.00,2750.58
15,13-03-23,VAY BAND 30007MT,4.66,250.00,9.00,104.85,9.00,104.85,55,0.00,0.00,1374.70
15,13-03-23,VAY BAND 30029MT,4.66,250.00,9.00,104.85,9.00,104.85,56,0.00,0.00,1374.70
15,13-03-23,VAY BAND 30034MT,4.66,250.00,9.00,104.85,9.00,104.85,57,0.00,0.00,1374.70
15,13-03-23,VAY BAND 30054MT,4.66,250.00,9.00,104.85,9.00,104.85,58,0.00,0.00,1374.70
15,13-03-23,VAY BAND 30072MT,4.66,250.00,9.00,104.85,9.00,104.85,59,0.00,0.00,1374.70
15,13-03-23,VAY BAND 30086MT,4.66,250.00,9.00,104.85,9.00,104.85,60,0.00,0.00,1374.70
15,13-03-23,VAY BAND 30167MT,4.66,250.00,9.00,104.85,9.00,104.85,61,0.00,0.00,1374.70
15,13-03-23,VAY BAND 30181MT,4.66,250.00,9.00,104.85,9.00,104.85,62,0.00,0.00,1374.70
15,13-03-23,VAY BAND 30216MT,4.66,250.00,9.00,104.85,9.00,104.85,63,0.00,0.00,1374.70
15,13-03-23,VAY BAND 5063MT,4.66,250.00,9.00,104.85,9.00,104.85,64,0.00,0.00,1374.70
15,13-03-23,VAY BAND 5095MT,4.66,250.00,9.00,104.85,9.00,104.85,65,0.00,0.00,1374.70
15,13-03-23,VAY BAND 5170MT,4.66,250.00,9.00,104.85,9.00,104.85,66,0.00,0.00,1374.70
15,13-03-23,VAY BAND 5171MT,4.66,250.00,9.00,104.85,9.00,104.85,67,0.00,0.00,1374.70
15,13-03-23,VAY BAND 5373MT,4.66,250.00,9.00,104.85,9.00,104.85,68,0.00,0.00,1374.70
15,13-03-23,VAY BAND 5465MT,4.66,250.00,9.00,104.85,9.00,104.85,69,0.00,0.00,1374.70
15,13-03-23,VAY BAND 5550MT,4.66,250.00,9.00,104.85,9.00,104.85,70,0.00,0.00,1374.70
16,13-03-23,VAY BAND 30054MT,4.66,150.00,9.00,62.91,9.00,62.91,71,0.00,0.00,824.82
16,13-03-23,VAY BAND REALWOOD LIGHT MAT,4.66,150.00,9.00,62.91,9.00,62.91,72,0.00,0.00,824.82
17,13-03-23,VAY BAND REALWOOD LIGHT MAT,4.66,100.00,9.00,41.94,9.00,41.94,73,0.00,0.00,549.88
18,13-03-23,VAY BAND 5465MT,4.66,500.00,9.00,209.74,9.00,209.74,74,0.00,0.00,2749.98
18,13-03-23,VAY BAND REALWOOD LIGHT MAT,4.66,500.00,9.00,209.74,9.00,209.74,75,0.00,0.00,2749.98
19,13-03-23,POLYFIX-FLX 20GM,27.55,3.00,9.00,7.44,9.00,7.44,76,0.00,0.00,97.53
19,13-03-23,POLYFIX-FLX 50GM,67.00,3.00,9.00,18.09,9.00,18.09,77,0.00,0.00,237.18
19,13-03-23,VAY BAND 1011MT(P-WHITE),4.66,50.00,9.00,20.97,9.00,20.97,78,0.00,0.00,274.99
19,13-03-23,VAY BAND 1113MT(OFF-WHITE),4.66,50.00,9.00,20.97,9.00,20.97,79,0.00,0.00,274.99
19,13-03-23,VAY BAND 30029MT,4.66,50.00,9.00,20.97,9.00,20.97,80,0.00,0.00,274.99
19,13-03-23,VAY BAND 5095MT,4.66,50.00,9.00,20.97,9.00,20.97,81,0.00,0.00,274.99
19,13-03-23,VAY BAND 5465MT,4.66,50.00,9.00,20.97,9.00,20.97,82,0.00,0.00,274.99
19,13-03-23,VAY BAND REALWOOD LIGHT MAT,4.66,50.00,9.00,20.97,9.00,20.97,83,0.00,0.00,274.99
19,13-03-23,WOODSEAL 20GM,31.36,3.00,9.00,8.47,9.00,8.47,84,0.00,0.00,111.02
19,13-03-23,WOODSEAL 50GM,74.58,3.00,9.00,20.14,9.00,20.14,85,0.00,0.00,264.02
20,14-03-23,POLYFIX-FLX 20GM,27.55,25.00,9.00,61.99,9.00,61.99,86,0.00,0.00,812.73
21,14-03-23,VAY BAND REALWOOD LIGHT MAT,4.66,150.00,9.00,62.92,9.00,62.92,87,0.00,0.00,824.99
22,14-03-23,POLYFIX-FLX 20GM,27.55,6.00,9.00,14.88,9.00,14.88,88,0.00,0.00,195.06
23,14-03-23,POLYFIX-FLX 20GM,27.55,12.00,9.00,29.75,9.00,29.75,89,0.00,0.00,390.10
23,14-03-23,WOODSEAL 20GM,31.36,6.00,9.00,16.93,9.00,16.93,90,0.00,0.00,222.02
24,14-03-23,POLYFIX-FLX 20GM,27.55,10.00,9.00,24.80,9.00,24.80,91,0.00,0.00,325.10
25,14-03-23,POLYFIX-FLX 20GM,27.55,6.00,9.00,14.88,9.00,14.88,92,0.00,0.00,195.06
26,16-03-23,VAY BAND REALWOOD LIGHT MAT,4.66,100.00,9.00,41.95,9.00,41.95,93,0.00,0.00,550.00
26,16-03-23,WOODSEAL 20GM,31.36,5.00,9.00,14.11,9.00,14.11,94,0.00,0.00,185.02
27,16-03-23,VAY BAND 30086MT,4.66,100.00,9.00,41.95,9.00,41.95,95,0.00,0.00,550.00
27,16-03-23,VAY BAND REALWOOD LIGHT MAT,4.66,150.00,9.00,62.94,9.00,62.94,96,0.00,0.00,825.18
28,16-03-23,POLYFIX-FLX 20GM,27.55,10.00,9.00,24.80,9.00,24.80,97,0.00,0.00,325.10
29,16-03-23,VAY BAND 1011HG(P-WHITE),7.63,300.00,9.00,206.01,9.00,206.01,98,0.00,0.00,2701.02
29,16-03-23,VAY BAND 5095MT,4.66,300.00,9.00,125.85,9.00,125.85,99,0.00,0.00,1650.00
29,16-03-23,VAY BAND REALWOOD LIGHT MAT,4.66,300.00,9.00,125.85,9.00,125.85,100,0.00,0.00,1650.00
30,16-03-23,POLYFIX-FLX 50GM,66.52,5.00,9.00,29.93,9.00,29.93,101,0.00,0.00,392.46
30,16-03-23,VAY BAND 5063MT,4.66,150.00,9.00,62.92,9.00,62.92,102,0.00,0.00,824.99
30,16-03-23,VAY BAND 5373MT,4.66,150.00,9.00,62.92,9.00,62.92,103,0.00,0.00,824.99
30,16-03-23,VAY BAND REALWOOD LIGHT MAT,4.66,150.00,9.00,62.92,9.00,62.92,104,0.00,0.00,824.99
30,16-03-23,WOODSEAL 50GM,74.58,5.00,9.00,33.56,9.00,33.56,105,0.00,0.00,440.02
31,16-03-23,VAY BAND 5550MT,4.66,150.00,9.00,62.92,9.00,62.92,106,0.00,0.00,824.99
31,16-03-23,VAY BAND REALWOOD LIGHT MAT,4.66,150.00,9.00,62.92,9.00,62.92,107,0.00,0.00,824.99
32,17-03-23,POLYFIX-FLX 20GM,27.55,2.00,9.00,4.96,9.00,4.96,108,0.00,0.00,65.02
32,17-03-23,POLYFIX-FLX 50GM,67.00,2.00,9.00,12.06,9.00,12.06,109,0.00,0.00,158.12
32,17-03-23,VAY BAND 5063MT,4.66,50.00,9.00,20.98,9.00,20.98,110,0.00,0.00,275.06
32,17-03-23,VAY BAND 5095MT,4.66,50.00,9.00,20.98,9.00,20.98,111,0.00,0.00,275.06
32,17-03-23,VAY BAND REALWOOD LIGHT MAT,4.66,50.00,9.00,20.98,9.00,20.98,112,0.00,0.00,275.06
32,17-03-23,WOODSEAL 20GM,31.36,2.00,9.00,5.64,9.00,5.64,113,0.00,0.00,74.00
32,17-03-23,WOODSEAL 50GM,74.58,2.00,9.00,13.42,9.00,13.42,114,0.00,0.00,176.00
33,18-03-23,POLYFIX-FLX 20GM,27.55,12.00,9.00,29.75,9.00,29.75,115,0.00,0.00,390.10
33,18-03-23,POLYFIX-FLX 50GM,67.00,12.00,9.00,72.36,9.00,72.36,116,0.00,0.00,948.72
33,18-03-23,WOODSEAL 20GM,31.36,12.00,9.00,33.87,9.00,33.87,117,0.00,0.00,444.06
33,18-03-23,WOODSEAL 50GM,74.58,12.00,9.00,80.55,9.00,80.55,118,0.00,0.00,1056.06
34,18-03-23,VAY BAND REALWOOD LIGHT MAT,4.66,100.00,9.00,41.95,9.00,41.95,119,0.00,0.00,550.00
35,18-03-23,VAY BAND 5465MT,4.66,200.00,9.00,83.90,9.00,83.90,120,0.00,0.00,1100.00
35,18-03-23,VAY BAND REALWOOD LIGHT MAT,4.66,50.00,9.00,20.98,9.00,20.98,121,0.00,0.00,275.06
36,18-03-23,VAY BAND 5373MT,4.66,50.00,9.00,20.97,9.00,20.97,122,0.00,0.00,274.99
37,18-03-23,POLYFIX-FLX 20GM,27.20,6.00,9.00,14.69,9.00,14.69,123,0.00,0.00,192.58
38,20-03-23,VAY BAND 5465MT,4.66,250.00,9.00,104.87,9.00,104.87,124,0.00,0.00,1374.99
38,20-03-23,VAY BAND REALWOOD LIGHT MAT,4.66,250.00,9.00,104.87,9.00,104.87,125,0.00,0.00,1374.99
39,20-03-23,VAY BAND 30029MT,4.66,150.00,9.00,62.92,9.00,62.92,126,0.00,0.00,824.99
39,20-03-23,VAY BAND 5373MT,4.66,150.00,9.00,62.92,9.00,62.92,127,0.00,0.00,824.99
39,20-03-23,VAY BAND 5465MT,4.66,150.00,9.00,62.92,9.00,62.92,128,0.00,0.00,824.99
39,20-03-23,VAY BAND REALWOOD LIGHT MAT,4.66,250.00,9.00,104.87,9.00,104.87,129,0.00,0.00,1374.99
40,20-03-23,VAY BAND 30029MT,4.24,500.00,9.00,190.68,9.00,190.68,130,0.00,0.00,2500.01
40,20-03-23,VAY BAND 30034MT,4.24,500.00,9.00,190.68,9.00,190.68,131,0.00,0.00,2500.01
40,20-03-23,VAY BAND 30054MT,4.24,500.00,9.00,190.68,9.00,190.68,132,0.00,0.00,2500.01
40,20-03-23,VAY BAND 30181MT,4.24,500.00,9.00,190.68,9.00,190.68,133,0.00,0.00,2500.01
40,20-03-23,VAY BAND 5465MT,4.24,500.00,9.00,190.68,9.00,190.68,134,0.00,0.00,2500.01
40,20-03-23,VAY BAND REALWOOD LIGHT MAT,4.24,500.00,9.00,190.68,9.00,190.68,135,0.00,0.00,2500.01
41,21-03-23,VAY BAND REALWOOD LIGHT MAT,4.66,150.00,9.00,62.92,9.00,62.92,136,0.00,0.00,824.99
42,21-03-23,POLYFIX-FLX 20GM,27.55,10.00,9.00,24.79,9.00,24.79,137,0.00,0.00,325.03
42,21-03-23,WOODSEAL 20GM,31.36,10.00,9.00,28.22,9.00,28.22,138,0.00,0.00,370.04
42,21-03-23,WOODSEAL 50GM,74.58,10.00,9.00,67.12,9.00,67.12,139,0.00,0.00,880.04
43,21-03-23,POLYFIX-FLX 20GM,27.20,5.00,9.00,12.24,9.00,12.24,140,0.00,0.00,160.48
43,21-03-23,VAY BAND REALWOOD LIGHT MAT,4.66,150.00,9.00,62.94,9.00,62.94,141,0.00,0.00,825.18
43,21-03-23,WOODSEAL 20GM,31.36,5.00,9.00,14.11,9.00,14.11,142,0.00,0.00,185.02
44,21-03-23,POLYFIX-FLX 20GM,27.55,10.00,9.00,24.80,9.00,24.80,143,0.00,0.00,325.10
44,21-03-23,WOODSEAL 20GM,31.36,10.00,9.00,28.22,9.00,28.22,144,0.00,0.00,370.04
45,21-03-23,POLYFIX-FLX 20GM,27.55,5.00,9.00,12.40,9.00,12.40,145,0.00,0.00,162.55
45,21-03-23,VAY BAND REALWOOD LIGHT MAT,4.66,50.00,9.00,20.98,9.00,20.98,146,0.00,0.00,275.06
45,21-03-23,WOODSEAL 20GM,31.36,5.00,9.00,14.11,9.00,14.11,147,0.00,0.00,185.02
46,21-03-23,VAY BAND 5171MT,4.41,1000.00,9.00,396.63,9.00,396.63,148,0.00,0.00,5200.26
47,22-03-23,WOODSEAL 20GM,31.36,12.00,9.00,33.87,9.00,33.87,149,0.00,0.00,444.06
47,22-03-23,WOODSEAL 50GM,74.58,12.00,9.00,80.55,9.00,80.55,150,0.00,0.00,1056.06
48,23-03-23,VAY BAND 5373MT,4.66,50.00,9.00,20.98,9.00,20.98,151,0.00,0.00,275.11
49,23-03-23,VAY BAND 1113MT(OFF-WHITE),4.66,200.00,9.00,83.92,9.00,83.92,152,0.00,0.00,1100.24
50,24-03-23,VAY BAND 5095MT,4.66,100.00,9.00,41.95,9.00,41.95,153,0.00,0.00,550.02
50,24-03-23,VAY BAND REALWOOD LIGHT MAT,4.66,100.00,9.00,41.96,9.00,41.96,154,0.00,0.00,550.12
51,24-03-23,VAY BAND 1011MT(P-WHITE),4.66,50.00,9.00,20.98,9.00,20.98,155,0.00,0.00,275.02
51,24-03-23,VAY BAND REALWOOD LIGHT MAT,4.66,50.00,9.00,20.98,9.00,20.98,156,0.00,0.00,275.02
52,24-03-23,VAY BAND 30007MT,4.25,100.00,9.00,38.25,9.00,38.25,157,0.00,0.00,501.50
52,24-03-23,VAY BAND 30029MT,4.25,100.00,9.00,38.25,9.00,38.25,158,0.00,0.00,501.50
52,24-03-23,VAY BAND 30034MT,4.25,100.00,9.00,38.25,9.00,38.25,159,0.00,0.00,501.50
52,24-03-23,VAY BAND 30054MT,4.25,100.00,9.00,38.25,9.00,38.25,160,0.00,0.00,501.50
52,24-03-23,VAY BAND 30072MT,4.25,100.00,9.00,38.25,9.00,38.25,161,0.00,0.00,501.50
52,24-03-23,VAY BAND 30086MT,4.25,100.00,9.00,38.25,9.00,38.25,162,0.00,0.00,501.50
52,24-03-23,VAY BAND 30167MT,4.25,100.00,9.00,38.25,9.00,38.25,163,0.00,0.00,501.50
52,24-03-23,VAY BAND 30181MT,4.25,100.00,9.00,38.25,9.00,38.25,164,0.00,0.00,501.50
52,24-03-23,VAY BAND 30216MT,4.25,100.00,9.00,38.25,9.00,38.25,165,0.00,0.00,501.50
52,24-03-23,VAY BAND 5063MT,4.25,100.00,9.00,38.25,9.00,38.25,166,0.00,0.00,501.50
52,24-03-23,VAY BAND 5095MT,4.25,100.00,9.00,38.25,9.00,38.25,167,0.00,0.00,501.50
52,24-03-23,VAY BAND 5170MT,4.25,100.00,9.00,38.25,9.00,38.25,168,0.00,0.00,501.50
52,24-03-23,VAY BAND 5171MT,4.25,100.00,9.00,38.25,9.00,38.25,169,0.00,0.00,501.50
52,24-03-23,VAY BAND 5373MT,4.25,100.00,9.00,38.25,9.00,38.25,170,0.00,0.00,501.50
52,24-03-23,VAY BAND 5465MT,4.25,100.00,9.00,38.25,9.00,38.25,171,0.00,0.00,501.50
52,24-03-23,VAY BAND 5550MT,4.25,100.00,9.00,38.25,9.00,38.25,172,0.00,0.00,501.50
52,24-03-23,VAY BAND REALWOOD LIGHT MAT,4.25,250.00,9.00,95.62,9.00,95.62,173,0.00,0.00,1253.74
53,24-03-23,VAY BAND REALWOOD LIGHT MAT,4.66,1000.00,9.00,398.43,9.00,398.43,174,0.00,0.00,5223.86
54,24-03-23,VAY BAND 5171MT,4.66,250.00,9.00,104.85,9.00,104.85,175,0.00,0.00,1374.70
54,24-03-23,VAY BAND 5465MT,4.66,250.00,9.00,104.85,9.00,104.85,176,0.00,0.00,1374.70
54,24-03-23,VAY BAND REALWOOD LIGHT MAT,4.66,500.00,9.00,209.70,9.00,209.70,177,0.00,0.00,2749.40
55,24-03-23,VAY BAND 30029MT,4.43,250.00,9.00,99.68,9.00,99.68,178,0.00,0.00,1306.86
55,24-03-23,VAY BAND 5171MT,4.43,250.00,9.00,99.68,9.00,99.68,179,0.00,0.00,1306.86
55,24-03-23,VAY BAND 5373MT,4.43,250.00,9.00,99.68,9.00,99.68,180,0.00,0.00,1306.86
55,24-03-23,VAY BAND REALWOOD LIGHT MAT,4.43,500.00,9.00,199.35,9.00,199.35,181,0.00,0.00,2613.70
56,27-03-23,WOODSEAL 50GM,74.58,20.00,9.00,134.24,9.00,134.24,182,0.00,0.00,1760.08
57,27-03-23,VAY BAND 30007MT,4.66,100.00,9.00,40.70,9.00,40.70,183,0.00,0.00,533.62
57,27-03-23,VAY BAND 30029MT,4.66,100.00,9.00,40.70,9.00,40.70,184,0.00,0.00,533.62
57,27-03-23,VAY BAND 30054MT,4.66,100.00,9.00,40.70,9.00,40.70,185,0.00,0.00,533.62
57,27-03-23,VAY BAND 30086MT,4.66,100.00,9.00,40.68,9.00,40.68,186,0.00,0.00,533.38
57,27-03-23,VAY BAND 5095MT,4.66,100.00,9.00,40.70,9.00,40.70,187,0.00,0.00,533.62
57,27-03-23,VAY BAND 5170MT,4.66,100.00,9.00,40.70,9.00,40.70,188,0.00,0.00,533.62
57,27-03-23,VAY BAND 5171MT,4.66,100.00,9.00,40.68,9.00,40.68,189,0.00,0.00,533.38
57,27-03-23,VAY BAND 5465MT,4.66,100.00,9.00,40.68,9.00,40.68,190,0.00,0.00,533.38
57,27-03-23,VAY BAND REALWOOD LIGHT MAT,4.66,100.00,9.00,40.68,9.00,40.68,191,0.00,0.00,533.38
58,28-03-23,VAY BAND 1011MT(P-WHITE),4.66,100.00,9.00,39.84,9.00,39.84,192,0.00,0.00,522.38
58,28-03-23,VAY BAND 1113MT(OFF-WHITE),4.66,500.00,9.00,199.26,9.00,199.26,193,0.00,0.00,2612.52
58,28-03-23,VAY BAND 30007MT,4.66,100.00,9.00,39.84,9.00,39.84,194,0.00,0.00,522.38
58,28-03-23,VAY BAND 30034MT,4.66,100.00,9.00,39.84,9.00,39.84,195,0.00,0.00,522.38
58,28-03-23,VAY BAND 30181MT,4.66,100.00,9.00,39.84,9.00,39.84,196,0.00,0.00,522.38
58,28-03-23,VAY BAND 5063MT,4.66,100.00,9.00,39.84,9.00,39.84,197,0.00,0.00,522.38
58,28-03-23,VAY BAND 5550MT,4.66,100.00,9.00,39.84,9.00,39.84,198,0.00,0.00,522.38
58,28-03-23,VAY BAND REALWOOD LIGHT MAT,4.66,100.00,9.00,39.84,9.00,39.84,199,0.00,0.00,522.38
59,29-03-23,VAY BAND 1011MT(P-WHITE),4.66,200.00,9.00,83.88,9.00,83.88,200,0.00,0.00,1099.76
60,29-03-23,VAY BAND 1011MT(P-WHITE),4.66,250.00,9.00,99.61,9.00,99.61,201,0.00,0.00,1305.97
60,29-03-23,VAY BAND 1113HG(OFF-WHITE),7.62,250.00,9.00,162.88,9.00,162.88,202,0.00,0.00,2135.56
60,29-03-23,VAY BAND 1113MT(OFF-WHITE),4.66,500.00,9.00,199.22,9.00,199.22,203,0.00,0.00,2612.04
60,29-03-23,VAY BAND REALWOOD LIGHT MAT,4.66,250.00,9.00,99.61,9.00,99.61,204,0.00,0.00,1305.97
61,29-03-23,VAY BAND 1113MT(OFF-WHITE),4.66,500.00,9.00,199.22,9.00,199.22,205,0.00,0.00,2611.94
61,29-03-23,VAY BAND REALWOOD LIGHT MAT,4.66,500.00,9.00,199.22,9.00,199.22,206,0.00,0.00,2611.94
62,29-03-23,VAY BAND 1113MT(OFF-WHITE),4.37,500.00,9.00,196.65,9.00,196.65,207,0.00,0.00,2578.30
62,29-03-23,VAY BAND 30007MT,4.37,250.00,9.00,98.32,9.00,98.32,208,0.00,0.00,1289.14
62,29-03-23,VAY BAND 30072MT,4.37,250.00,9.00,98.32,9.00,98.32,209,0.00,0.00,1289.14
62,29-03-23,VAY BAND 30086MT,4.37,250.00,9.00,98.32,9.00,98.32,210,0.00,0.00,1289.14
62,29-03-23,VAY BAND 30167MT,4.37,250.00,9.00,98.32,9.00,98.32,211,0.00,0.00,1289.14
62,29-03-23,VAY BAND 30181MT,4.37,250.00,9.00,98.32,9.00,98.32,212,0.00,0.00,1289.14
62,29-03-23,VAY BAND 5095MT,4.37,100.00,9.00,39.33,9.00,39.33,213,0.00,0.00,515.66
62,29-03-23,VAY BAND 5170MT,4.37,250.00,9.00,98.32,9.00,98.32,214,0.00,0.00,1289.14
62,29-03-23,VAY BAND 5171MT,4.37,400.00,9.00,157.32,9.00,157.32,215,0.00,0.00,2062.64
62,29-03-23,VAY BAND 5373MT,4.37,250.00,9.00,98.32,9.00,98.32,216,0.00,0.00,1289.14
62,29-03-23,VAY BAND 5465MT,4.37,250.00,9.00,98.32,9.00,98.32,217,0.00,0.00,1289.14
62,29-03-23,VAY BAND REALWOOD LIGHT MAT,4.37,250.00,9.00,98.32,9.00,98.32,218,0.00,0.00,1289.14
63,30-03-23,WOODSEAL 20GM,31.36,10.00,9.00,28.22,9.00,28.22,219,0.00,0.00,370.04
63,30-03-23,WOODSEAL 50GM,74.58,10.00,9.00,67.12,9.00,67.12,220,0.00,0.00,880.04
64,30-03-23,POLYFIX-FLX 20GM,27.20,5.00,9.00,12.24,9.00,12.24,221,0.00,0.00,160.48
64,30-03-23,POLYFIX-FLX 50GM,66.52,5.00,9.00,29.93,9.00,29.93,222,0.00,0.00,392.46
64,30-03-23,WOODSEAL 20GM,31.36,5.00,9.00,14.11,9.00,14.11,223,0.00,0.00,185.02
64,30-03-23,WOODSEAL 50GM,74.58,5.00,9.00,33.56,9.00,33.56,224,0.00,0.00,440.02
65,30-03-23,POLYFIX-FLX 20GM,27.20,10.00,9.00,24.48,9.00,24.48,225,0.00,0.00,320.96
65,30-03-23,POLYFIX-FLX 50GM,66.52,10.00,9.00,59.87,9.00,59.87,226,0.00,0.00,784.94
65,30-03-23,WOODSEAL 20GM,31.36,10.00,9.00,28.22,9.00,28.22,227,0.00,0.00,370.04
65,30-03-23,WOODSEAL 50GM,74.58,10.00,9.00,67.12,9.00,67.12,228,0.00,0.00,880.04
66,30-03-23,POLYFIX-FLX 20GM,27.55,12.00,9.00,29.75,9.00,29.75,229,0.00,0.00,390.10
67,30-03-23,WOODSEAL 20GM,31.36,20.00,9.00,56.45,9.00,56.45,230,0.00,0.00,740.10
68,30-03-23,VAY BAND REALWOOD LIGHT MAT,4.66,50.00,9.00,20.98,9.00,20.98,231,0.00,0.00,275.02
69,30-03-23,VAY BAND 1515 VENGA MT,4.66,50.00,9.00,20.98,9.00,20.98,232,0.00,0.00,275.02
70,30-03-23,POLYFIX-FLX 20GM,27.20,5.00,9.00,12.24,9.00,12.24,233,0.00,0.00,160.48
70,30-03-23,POLYFIX-FLX 50GM,66.52,5.00,9.00,29.93,9.00,29.93,234,0.00,0.00,392.46
70,30-03-23,WOODSEAL 20GM,31.36,5.00,9.00,14.11,9.00,14.11,235,0.00,0.00,185.02
70,30-03-23,WOODSEAL 50GM,74.58,5.00,9.00,33.56,9.00,33.56,236,0.00,0.00,440.02
,,,,,,,,,,,,
,,Total,,,2124.00,17212.10,2124.00,17212.10,,0.00,0.00,225670.52
